Peptide,DRB1_0101,DRB1_0102,DRB1_0103,DRB1_0301,DRB1_0302,DRB1_0401,DRB1_0402,DRB1_0403,DRB1_0404,DRB1_0405,DRB1_0406,DRB1_0407,DRB1_0408,DRB1_0410,DRB1_0411,DRB1_0468,DRB1_0701,DRB1_0711,DRB1_0801,DRB1_0802,DRB1_0803,DRB1_0804,DRB1_0806,DRB1_0812,DRB1_0901,DRB1_1001,DRB1_1101,DRB1_1102,DRB1_1103,DRB1_1104,DRB1_1201,DRB1_1202,DRB1_1301,DRB1_1302,DRB1_1303,DRB1_1304,DRB1_1305,DRB1_1312,DRB1_1321,DRB1_1327,DRB1_1335,DRB1_1401,DRB1_1402,DRB1_1403,DRB1_1404,DRB1_1405,DRB1_1406,DRB1_1407,DRB1_1444,DRB1_1501,DRB1_1502,DRB1_1503,DRB1_1601,DRB1_1602
MGIKMESQTQVFVFV,33,37,41,12,19,28,34,22,26,33,22,25,29,35,28,26,32,28,41,28,12,39,47,21,34,32,49,34,49,50,19,46,34,19,26,39,49,25,55,33,34,16,20,17,11,19,23,16,19,39,32,46,55,38
GIKMESQTQVFVFVL,42,48,47,18,26,40,46,33,38,44,33,34,39,46,41,38,34,33,49,37,17,47,55,28,37,41,60,43,60,60,25,55,43,26,36,46,60,34,65,43,43,25,29,24,16,29,34,23,28,46,38,55,60,45
IKMESQTQVFVFVLL,60,65,60,40,48,65,65,60,60,65,60,55,60,65,65,60,38,40,65,60,33,65,70,46,45,60,75,60,75,75,35,60,60,43,60,60,75,55,75,60,60,45,55,43,36,55,60,43,55,60,50,60,75,60
KMESQTQVFVFVLLW,70,75,70,80,80,85,80,75,75,70,75,75,75,75,75,75,47,55,80,80,65,75,75,70,60,65,85,80,85,85,49,70,80,75,80,75,85,75,85,80,80,75,85,80,70,80,80,75,80,65,70,70,80,70
MESQTQVFVFVLLWL,85,85,80,95,90,95,85,90,85,85,90,90,85,80,85,85,65,70,90,90,80,85,80,80,75,75,90,90,90,85,65,75,90,90,95,85,90,90,90,90,90,90,95,90,85,95,95,90,95,70,75,70,85,80
ESQTQVFVFVLLWLS,85,85,85,95,95,95,90,90,85,85,90,95,90,80,85,85,70,80,90,95,85,85,80,85,80,75,90,90,90,85,70,75,90,95,95,85,90,90,85,95,90,95,95,95,90,95,95,95,95,75,80,70,75,80
SQTQVFVFVLLWLSG,85,85,85,95,95,95,90,90,85,85,90,95,90,80,85,85,80,85,85,90,90,85,75,90,85,75,85,90,85,80,70,65,90,95,95,85,85,95,75,95,90,95,95,95,95,95,95,95,95,75,80,65,65,85
QTQVFVFVLLWLSGV,70,75,75,95,95,90,80,90,80,80,90,90,80,75,85,80,75,80,85,90,85,80,70,90,80,65,80,90,80,70,70,60,90,95,95,85,80,90,70,95,90,90,90,90,90,95,90,95,95,65,70,55,55,75
TQVFVFVLLWLSGVD,70,70,70,95,95,85,75,80,70,65,80,85,75,55,70,70,75,75,75,85,80,75,65,80,80,60,75,85,75,65,65,49,85,90,90,75,75,85,65,90,85,85,90,90,85,90,90,90,90,55,65,41,50,65
QVFVFVLLWLSGVDG,48,55,60,95,95,75,55,65,48,55,65,70,60,41,55,48,65,65,65,75,70,60,55,75,65,43,65,80,65,55,44,39,80,85,85,70,65,75,60,85,80,75,80,85,70,85,80,80,85,42,55,34,40,55
VFVFVLLWLSGVDGD,44,49,55,90,90,65,55,55,40,45,55,65,55,35,49,40,65,65,65,70,70,60,55,70,65,41,65,75,65,55,42,38,75,80,85,70,65,75,60,80,75,75,80,80,65,80,75,70,80,41,55,33,39,49
FVFVLLWLSGVDGDI,38,44,46,85,80,55,45,45,35,36,45,50,42,30,42,35,50,48,60,65,55,55,49,65,43,36,65,75,60,55,38,35,75,70,75,65,65,65,55,75,75,65,70,75,55,75,75,55,70,37,46,32,36,40
VFVLLWLSGVDGDIQ,36,40,45,80,70,47,43,40,32,33,40,46,39,28,39,32,47,44,60,60,55,55,49,60,37,35,65,70,60,55,37,36,70,65,70,65,65,60,60,75,70,60,70,70,49,70,70,47,65,36,44,33,37,37
FVLLWLSGVDGDIQM,36,43,45,65,65,44,44,39,34,32,39,45,38,30,38,34,44,41,60,60,55,55,55,60,33,37,65,70,65,60,39,41,70,65,65,65,65,60,60,70,70,55,70,70,46,70,70,44,60,39,44,36,40,37
VLLWLSGVDGDIQMT,42,55,55,60,65,47,55,46,41,39,46,50,45,39,47,41,48,45,65,70,60,65,65,65,35,45,70,75,75,65,47,55,75,65,70,75,70,65,70,75,75,60,75,75,55,70,75,49,65,48,55,46,55,43
LLWLSGVDGDIQMTQ,55,65,65,42,60,55,70,60,60,55,60,60,55,65,65,60,60,55,75,80,70,80,80,75,42,60,80,85,85,80,65,70,85,75,75,85,80,75,80,85,85,75,75,80,65,80,85,60,70,70,65,65,70,55
LWLSGVDGDIQMTQS,75,85,85,37,65,75,90,85,80,75,85,75,75,85,85,80,75,75,90,90,85,95,95,85,60,80,95,95,95,95,85,90,95,85,90,95,95,90,95,90,95,85,85,90,80,90,90,75,80,85,80,85,90,75
WLSGVDGDIQMTQSP,90,95,95,43,80,90,95,95,95,90,95,90,90,95,95,95,90,90,95,95,95,95,95,95,80,95,95,95,95,95,95,95,95,95,95,95,95,95,95,95,95,95,95,95,90,95,95,90,90,95,95,95,95,90
LSGVDGDIQMTQSPS,95,95,95,46,85,95,95,95,95,95,95,90,90,95,95,95,95,95,95,95,95,95,95,95,95,95,95,95,95,95,95,95,95,95,95,95,95,95,95,95,95,95,95,95,95,95,95,95,95,95,95,95,95,95
SGVDGDIQMTQSPSS,75,85,90,60,85,36,75,45,55,65,45,34,35,80,75,55,75,85,90,75,75,85,90,85,75,70,90,90,85,85,90,90,90,75,90,95,90,85,95,90,90,85,65,65,75,75,80,70,60,90,85,85,90,85
GVDGDIQMTQSPSSL,40,60,65,55,65,9.5,46,13,19,28,13,10,10,55,44,19,48,65,75,41,45,65,75,65,42,36,75,70,70,70,80,80,70,40,70,85,75,65,80,70,70,55,33,32,45,37,47,39,25,70,60,65,70,55
VDGDIQMTQSPSSLS,30,46,55,55,60,5.5,34,6.5,11,19,6.5,5.5,5.5,43,33,11,40,55,65,29,36,55,70,55,31,25,65,60,60,60,75,75,60,33,60,75,65,55,75,60,60,42,25,22,34,25,36,30,18,65,47,60,65,43
DGDIQMTQSPSSLSV,20,37,40,46,49,3.5,26,4,7.5,14,4,3.5,3.5,36,25,7.5,28,38,60,22,27,45,65,43,20,19,60,50,55,55,65,70,50,26,48,70,60,40,70,48,50,32,18,16,25,19,27,21,12,55,36,50,55,32
GDIQMTQSPSSLSVS,16,32,35,43,45,3,21,3,5.5,11,3,3,3,31,20,5.5,23,33,55,16,23,39,60,36,17,15,55,44,48,46,60,65,44,24,43,65,55,35,65,42,44,27,16,13,21,15,22,19,11,48,32,46,50,27
DIQMTQSPSSLSVSV,19,38,39,55,55,5,27,5.5,9,17,5.5,5,5,39,27,9,25,35,60,21,29,44,65,42,18,19,60,55,55,55,65,75,55,30,50,70,60,42,70,49,55,34,22,19,28,22,28,24,15,55,37,55,60,33
IQMTQSPSSLSVSVG,24,46,44,70,70,10,37,14,18,27,14,12,12,55,44,18,29,42,70,33,43,55,70,55,21,27,65,60,60,60,70,80,60,42,60,75,65,55,75,60,60,48,34,29,47,37,42,38,25,65,47,65,65,41
QMTQSPSSLSVSVGD,49,75,70,90,95,37,75,55,60,65,55,38,38,80,80,60,55,70,90,75,80,80,90,85,43,60,85,80,80,80,90,95,80,70,85,90,85,85,90,80,80,80,70,65,80,75,75,75,65,85,75,85,85,70
MTQSPSSLSVSVGDR,75,85,90,95,95,75,90,80,80,85,80,75,75,90,90,80,75,85,95,90,90,90,90,95,70,80,95,90,90,90,95,95,90,90,95,95,95,95,95,90,90,90,90,85,90,85,90,90,85,95,95,95,95,90
TQSPSSLSVSVGDRV,70,75,70,46,65,80,80,70,80,80,70,75,80,85,80,80,38,40,90,80,55,85,85,70,50,80,90,60,80,85,70,90,60,18,60,65,90,65,90,60,60,55,55,60,55,60,65,48,60,75,60,80,95,85
QSPSSLSVSVGDRVT,60,65,55,29,47,70,70,60,65,75,60,65,70,75,70,65,29,28,80,70,41,75,75,55,40,75,80,43,70,75,60,80,43,11,42,55,80,46,80,40,43,38,36,39,41,39,44,36,41,60,45,70,90,75
SPSSLSVSVGDRVTI,46,55,39,15,29,60,55,42,55,70,42,55,60,65,55,55,19,16,70,60,26,60,65,39,29,70,65,28,55,60,40,70,28,6,28,38,65,30,70,24,28,21,24,25,25,23,27,22,27,45,30,55,80,65
PSSLSVSVGDRVTIT,43,47,34,12,23,60,48,39,49,70,39,48,55,65,55,49,18,15,65,55,24,55,60,35,28,70,60,23,48,55,37,65,23,5.5,25,34,60,28,65,20,23,18,21,21,22,18,22,20,24,41,28,50,75,60
SSLSVSVGDRVTITC,44,47,35,12,24,60,49,40,50,70,40,50,60,65,55,50,19,15,65,55,24,55,60,36,29,70,60,23,48,55,36,65,23,6,27,34,60,29,65,20,23,20,22,22,23,19,22,22,25,41,29,50,75,60
SLSVSVGDRVTITCK,55,55,42,14,28,65,60,47,60,75,47,60,65,70,60,60,26,21,65,55,32,55,60,41,38,80,60,27,50,55,42,65,27,9.5,33,38,60,37,65,24,27,26,29,27,31,23,26,31,32,47,38,55,80,65
LSVSVGDRVTITCKA,70,65,60,22,37,75,70,60,70,85,60,65,75,80,70,70,44,38,65,55,45,60,65,55,55,85,60,39,55,60,60,70,39,26,50,55,60,55,65,38,39,44,44,38,48,37,38,55,47,65,65,70,80,75
SVSVGDRVTITCKAS,80,80,85,39,60,80,75,70,75,90,70,75,80,85,80,75,75,75,65,55,70,60,70,65,80,85,65,55,65,65,80,75,55,65,75,70,65,75,70,60,55,65,70,55,70,55,60,75,65,85,90,85,80,85
VSVGDRVTITCKASQ,80,80,85,55,75,80,75,65,70,85,65,75,80,80,75,70,75,80,55,43,70,50,65,65,80,85,55,60,60,60,80,75,60,75,75,70,55,75,60,60,60,70,70,55,70,55,60,80,70,85,90,85,75,85
SVGDRVTITCKASQN,85,80,90,75,90,80,75,65,70,85,65,75,80,75,75,70,75,80,50,38,75,44,60,65,80,85,45,60,55,55,85,75,60,85,80,75,45,75,55,65,60,75,80,60,80,60,60,85,75,85,95,90,75,85
VGDRVTITCKASQNV,75,70,75,70,85,70,65,55,60,80,55,65,70,70,65,60,65,70,40,29,65,35,49,55,70,75,36,45,47,45,75,65,45,60,70,60,36,65,48,47,45,65,65,44,70,46,46,80,65,80,85,80,70,75
GDRVTITCKASQNVR,65,65,70,60,75,65,60,49,60,75,49,60,65,70,65,60,60,65,38,26,60,32,45,47,65,75,33,35,39,39,65,60,35,47,60,55,33,55,45,36,35,55,60,38,60,36,37,70,60,75,80,75,65,75
DRVTITCKASQNVRT,47,55,55,55,60,50,50,42,49,70,42,44,55,65,55,49,41,47,41,28,46,33,45,44,48,65,35,32,37,38,60,60,32,32,46,46,35,45,46,32,32,44,37,29,49,28,30,55,35,65,65,65,65,60
RVTITCKASQNVRTV,29,45,37,41,43,33,38,29,38,55,29,31,36,55,46,38,26,31,38,24,33,29,40,37,32,46,33,26,33,34,50,55,26,20,32,39,33,32,42,25,26,30,23,19,38,18,22,36,21,55,46,50,55,42
VTITCKASQNVRTVV,22,45,31,36,31,27,36,25,35,47,25,25,30,60,45,35,20,25,55,32,29,43,55,42,26,41,44,28,39,42,50,65,28,16,28,42,44,28,55,27,28,30,18,16,37,17,22,28,15,47,38,49,55,34
TITCKASQNVRTVVA,20,42,27,34,28,25,34,23,33,45,23,22,27,55,43,33,19,24,55,32,25,47,60,39,25,38,46,27,41,42,55,65,27,15,26,42,46,26,55,28,27,30,15,14,37,16,22,27,13,46,37,49,55,31
ITCKASQNVRTVVAW,23,45,30,36,31,28,36,26,35,48,26,25,30,60,45,35,22,28,55,31,27,45,60,38,28,39,47,29,42,44,55,70,29,17,29,43,47,30,55,31,29,31,17,15,37,18,23,31,15,55,41,55,60,35
TCKASQNVRTVVAWY,30,48,39,44,37,34,43,30,37,50,30,31,34,55,46,37,24,30,46,27,24,43,55,33,29,42,55,33,45,48,42,60,33,21,35,46,55,35,60,34,33,31,21,15,35,20,25,33,21,55,43,55,60,39
CKASQNVRTVVAWYQ,39,43,45,55,48,39,40,28,29,41,28,34,33,40,37,29,24,28,30,17,17,30,38,23,27,34,45,31,44,42,27,43,31,28,42,42,45,36,49,34,31,27,28,15,25,24,28,36,30,37,39,40,47,38
KASQNVRTVVAWYQQ,41,39,47,60,55,36,35,23,22,33,23,32,29,30,28,22,26,30,22,13,17,22,31,18,28,28,38,29,42,38,22,36,29,32,43,38,38,35,43,34,29,27,32,16,22,24,27,39,34,29,36,32,39,35
ASQNVRTVVAWYQQK,37,34,45,60,60,33,31,20,18,28,20,29,26,24,23,18,25,28,17,10,17,17,24,14,27,24,30,27,38,33,19,30,27,41,41,31,30,33,35,32,27,27,33,18,23,24,27,40,37,23,33,26,32,30
SQNVRTVVAWYQQKP,40,36,47,60,65,34,32,21,19,29,21,31,28,24,22,19,28,31,17,11,20,17,23,16,30,26,31,29,37,33,21,29,29,48,41,30,31,34,33,34,29,29,37,22,24,27,29,43,42,21,33,24,30,31
QNVRTVVAWYQQKPG,45,39,55,60,70,41,35,26,24,34,26,38,35,25,24,24,33,37,20,14,25,19,23,19,35,30,33,32,35,33,24,28,32,55,44,30,33,39,33,34,32,34,44,27,29,31,32,49,48,21,37,24,30,34
NVRTVVAWYQQKPGL,55,41,55,60,75,55,39,36,33,43,36,50,48,29,29,33,43,45,24,20,37,22,22,26,40,39,35,34,32,32,31,28,34,65,48,28,35,46,33,34,34,37,55,38,34,39,38,60,60,18,40,21,28,39
VRTVVAWYQQKPGLA,31,31,30,65,75,48,38,48,45,49,48,55,55,35,37,45,43,45,27,31,55,24,20,36,27,32,33,36,25,28,40,26,36,70,42,28,33,48,28,34,36,46,60,55,43,46,46,65,60,18,42,21,21,30
RTVVAWYQQKPGLAP,22,29,23,70,75,41,38,55,55,48,55,55,49,42,46,55,47,55,33,40,70,31,26,49,25,26,31,41,26,30,55,32,41,75,45,31,31,55,28,37,41,55,60,65,55,55,55,65,60,21,44,23,19,26
TVVAWYQQKPGLAPK,16,24,19,80,70,33,36,55,50,46,55,45,42,45,50,50,47,55,34,38,70,34,30,55,23,21,27,44,27,30,60,35,44,75,45,37,27,50,28,40,44,60,60,65,60,55,55,70,55,27,45,27,17,23
VVAWYQQKPGLAPKT,15,23,17,85,75,31,36,55,55,47,55,43,39,50,55,55,47,55,35,39,75,36,33,60,23,19,27,47,29,30,65,40,47,75,48,43,27,55,28,43,47,65,60,65,65,60,60,70,55,35,49,32,16,22
VAWYQQKPGLAPKTL,16,29,21,90,80,34,43,65,60,55,65,46,42,60,65,60,55,65,45,45,85,47,45,75,27,22,33,60,37,38,75,55,60,80,60,60,33,65,35,55,60,75,65,70,80,65,70,75,60,55,60,47,22,27
AWYQQKPGLAPKTLI,22,38,28,95,85,45,60,70,70,65,70,60,55,75,75,70,60,70,60,55,85,60,60,85,34,31,43,70,50,50,85,65,70,85,70,70,43,75,46,70,70,80,75,75,85,75,80,85,70,70,70,60,31,38
WYQQKPGLAPKTLIY,35,55,40,95,90,65,70,80,80,80,80,75,70,85,85,80,65,70,70,70,85,70,70,85,44,48,60,70,60,60,80,70,70,85,80,75,60,80,65,70,70,85,80,80,85,80,80,85,80,80,80,75,45,55
YQQKPGLAPKTLIYL,55,60,60,85,90,85,75,85,80,85,85,85,85,80,85,80,60,65,70,75,75,70,70,70,55,70,70,60,65,70,55,70,60,75,75,65,70,80,75,60,60,75,85,75,75,75,75,85,80,70,75,75,65,70
QQKPGLAPKTLIYLA,60,55,55,80,90,85,65,75,75,85,75,80,85,75,75,75,55,60,60,65,65,55,60,55,55,70,65,49,60,65,40,55,49,70,70,55,65,70,65,48,49,70,80,65,70,70,65,80,80,60,70,65,65,65
QKPGLAPKTLIYLAS,55,44,55,80,90,75,55,60,60,70,60,75,75,60,60,60,55,60,49,47,60,42,47,45,49,55,55,45,55,55,31,43,45,70,70,47,55,65,55,46,45,65,75,60,65,60,60,75,75,50,65,55,55,60
KPGLAPKTLIYLASN,50,41,55,80,90,70,55,55,55,65,55,70,70,55,55,55,55,60,42,41,55,37,41,41,50,45,49,46,49,50,30,38,46,70,70,47,49,65,50,48,46,60,75,60,60,60,60,75,75,47,65,50,49,55
PGLAPKTLIYLASNR,39,26,42,75,85,44,27,28,28,37,28,44,43,24,22,28,48,47,23,24,43,21,22,27,44,28,30,33,28,27,25,24,33,65,55,28,30,45,30,38,33,37,65,46,38,39,40,60,65,24,49,25,29,34
GLAPKTLIYLASNRH,7.5,4.5,10,34,42,3,1.5,1.7,1.2,1.7,1.7,6.5,4.5,0.6,0.6,1.2,15,11,3.5,5.5,9.5,5.5,6.5,5,21,6.5,6.5,6,9,8.5,6.5,7.5,6,21,4,5.5,6.5,3,7,7.5,6,2.5,12,14,3.5,5.5,5.5,13,15,1.7,11,3,6.5,6
LAPKTLIYLASNRHT,1.6,0.8,2.5,16,18,0.4,0.09,0.15,0.12,0.3,0.15,1.3,0.8,0.05,0.04,0.12,5,2.5,0.8,1,3,1.9,2.5,1.3,6.5,2,1.6,1.2,3.5,3.5,2.5,3,1.2,7,0.7,1.6,1.6,0.5,2.5,1.3,1.2,0.4,2.5,3.5,0.7,0.8,1,4.5,4,0.15,2.5,0.4,1.8,1.4
APKTLIYLASNRHTG,0.9,0.4,1.3,14,15,0.25,0.04,0.06,0.04,0.25,0.06,0.9,0.5,0.03,0.03,0.04,5,2.5,0.4,0.3,3,1.1,1.8,1.1,5.5,1.4,0.8,0.6,2.5,2.5,2.5,2.5,0.6,6.5,0.5,1.2,0.8,0.4,1.5,0.7,0.6,0.3,1.5,1.8,0.7,0.5,0.5,4,3,0.1,1.9,0.2,1.1,0.8
PKTLIYLASNRHTGV,0.5,0.2,0.7,9.5,9.5,0.12,0.01,0.03,0.02,0.12,0.03,0.5,0.25,0.02,0.01,0.02,3.5,1.4,0.25,0.15,1.5,0.7,1.3,0.7,4,0.9,0.5,0.3,1.5,1.5,1.1,1.7,0.3,3,0.25,0.7,0.5,0.2,0.9,0.4,0.3,0.12,0.7,0.8,0.3,0.17,0.25,2.5,1.2,0.04,1,0.07,0.6,0.5
KTLIYLASNRHTGVP,0.6,0.25,0.8,9.5,9.5,0.15,0.01,0.03,0.02,0.15,0.03,0.5,0.3,0.02,0.01,0.02,4,1.7,0.25,0.15,1.6,0.7,1.3,0.8,4.5,0.9,0.5,0.4,1.5,1.6,1.2,1.7,0.4,3,0.3,0.7,0.5,0.25,0.9,0.4,0.4,0.17,0.7,0.8,0.4,0.25,0.25,2.5,1.3,0.05,1.1,0.08,0.6,0.5
TLIYLASNRHTGVPS,1.2,0.8,1.8,14,11,0.6,0.09,0.17,0.12,0.6,0.17,1.5,0.9,0.15,0.12,0.12,6.5,3.5,0.7,0.5,3.5,1.5,2.5,2.5,7,2.5,1,0.8,3,3,3.5,3.5,0.8,3.5,0.8,1.6,1,0.7,1.8,0.8,0.8,0.7,1.5,1.4,1.8,0.7,0.8,4,2.5,0.17,2.5,0.4,1.4,1.2
LIYLASNRHTGVPSR,3.5,3.5,5,18,13,3.5,0.9,1.6,1.1,4.5,1.6,5,4.5,2,1.7,1.1,11,6.5,2.5,1.8,8,4,7,7.5,12,7,2.5,2,5.5,5.5,9.5,8,2,4,1.9,4.5,2.5,2,4.5,2,2,4,3.5,3,8,2.5,3,8.5,5,1.2,6.5,2.5,4.5,4.5
IYLASNRHTGVPSRF,24,37,24,41,24,32,21,33,37,55,33,33,35,55,49,37,32,28,23,16,37,24,31,45,33,45,11,16,18,19,60,41,16,10,17,27,11,23,18,15,16,39,16,14,55,21,23,32,17,32,34,33,25,31
YLASNRHTGVPSRFS,65,75,60,75,55,75,65,75,80,90,75,70,75,85,85,80,65,70,70,65,70,65,70,75,65,75,43,49,46,50,85,75,49,25,60,65,43,65,50,50,49,75,47,44,80,55,60,65,48,80,70,75,60,75
LASNRHTGVPSRFSG,80,85,80,95,90,90,80,90,90,95,90,90,85,90,95,90,80,85,85,80,90,80,80,90,75,85,80,75,70,70,95,85,75,65,90,85,80,90,80,75,75,90,85,75,90,85,85,90,85,90,90,85,75,85
ASNRHTGVPSRFSGS,80,85,85,95,95,90,90,90,90,95,90,90,90,90,95,90,85,90,85,85,95,80,85,95,75,85,80,85,75,75,95,90,85,95,95,90,80,95,80,85,85,95,95,90,95,90,90,95,95,90,95,90,75,90
SNRHTGVPSRFSGSG,85,85,90,95,95,95,90,95,90,95,95,95,95,95,95,90,90,95,90,85,95,85,85,95,80,85,80,90,75,75,95,90,90,95,95,95,80,95,80,90,90,95,95,90,95,95,90,95,95,95,95,90,75,90
NRHTGVPSRFSGSGS,85,90,90,95,95,95,95,95,95,95,95,95,95,95,95,95,90,95,90,90,95,85,85,95,80,90,85,90,80,80,95,90,90,95,95,95,85,95,85,95,90,95,95,95,95,95,95,95,95,95,95,90,80,90
RHTGVPSRFSGSGSG,90,90,90,95,95,95,95,95,95,95,95,95,95,95,95,95,90,95,95,90,95,85,90,95,85,90,85,95,85,80,95,95,95,95,95,95,85,95,90,95,95,95,95,95,95,95,95,95,95,95,95,95,80,95
HTGVPSRFSGSGSGT,95,95,95,95,95,95,95,95,95,95,95,95,95,95,95,95,95,95,95,95,95,90,95,95,85,95,95,95,95,90,95,95,95,95,95,95,95,95,95,95,95,95,95,95,95,95,95,95,95,95,95,95,90,95
TGVPSRFSGSGSGTD,95,95,95,95,95,95,95,95,95,95,95,95,95,95,95,95,95,95,95,95,95,95,95,95,85,95,95,95,95,95,95,95,95,95,95,95,95,95,95,95,95,95,95,95,95,95,95,95,95,95,95,95,90,95
GVPSRFSGSGSGTDF,90,95,95,95,95,85,95,95,95,90,95,90,90,95,95,95,85,95,95,95,95,95,95,95,70,85,95,95,95,95,95,95,95,95,95,95,95,95,95,95,95,95,95,95,95,95,95,95,95,95,95,95,85,90
VPSRFSGSGSGTDFT,90,95,90,95,95,80,95,95,95,90,95,85,85,95,95,95,80,95,95,95,95,95,95,95,70,85,95,95,95,95,95,95,95,95,95,95,95,95,95,95,95,95,95,95,95,95,95,95,95,95,95,95,85,90
PSRFSGSGSGTDFTF,90,95,95,95,95,75,95,95,95,80,95,85,80,95,95,95,80,90,95,95,95,95,95,95,65,80,95,95,95,95,95,95,95,95,95,95,95,95,95,95,95,95,95,95,95,95,95,95,95,95,95,95,90,90
SRFSGSGSGTDFTFT,90,95,95,95,95,80,95,95,95,80,95,85,80,95,95,95,80,90,95,95,95,95,95,95,65,80,95,95,95,95,95,95,95,95,95,95,95,95,95,95,95,95,95,95,95,95,95,95,95,95,95,95,90,90
RFSGSGSGTDFTFTI,95,95,95,95,95,85,95,95,95,90,95,90,90,95,95,95,85,95,95,95,95,95,95,95,75,85,95,95,95,95,95,95,95,95,95,95,95,95,95,95,95,95,95,95,95,95,95,95,95,95,95,95,95,95
FSGSGSGTDFTFTIS,95,95,95,95,95,95,95,95,95,95,95,95,95,95,95,95,95,95,95,95,95,95,95,95,90,95,95,95,95,95,95,95,95,95,95,95,95,95,95,95,95,95,95,95,95,95,95,95,95,95,95,95,95,95
SGSGSGTDFTFTISS,95,95,95,95,95,95,95,95,95,95,95,95,95,95,95,95,95,95,95,95,95,95,95,95,95,95,95,95,95,95,95,95,95,95,95,95,95,95,95,95,95,95,95,95,95,95,95,95,95,95,95,95,95,95
GSGSGTDFTFTISSL,90,95,90,95,90,75,95,90,85,70,90,70,70,85,85,85,70,80,90,90,90,90,90,95,65,75,95,95,95,95,90,90,95,90,95,95,95,90,95,95,95,95,90,90,95,95,95,80,85,85,75,80,80,80
SGSGTDFTFTISSLQ,55,75,70,95,80,24,65,55,55,19,55,26,24,55,55,55,22,39,70,70,70,80,80,85,29,33,70,90,85,80,80,80,90,80,70,85,70,65,70,90,90,80,75,75,80,85,85,55,60,70,45,55,47,35
GSGTDFTFTISSLQP,42,70,60,90,75,14,55,38,38,11,38,17,15,38,37,38,18,34,60,55,60,70,70,75,24,21,60,85,75,70,75,75,85,75,65,80,60,55,60,90,85,70,65,65,70,75,80,42,49,65,39,49,37,27
SGTDFTFTISSLQPE,38,65,55,85,60,10,47,29,30,7.5,29,12,11,30,25,30,17,29,50,43,45,65,65,65,21,16,55,80,70,65,70,70,80,65,49,75,55,44,55,85,80,55,48,55,50,65,70,23,37,60,35,47,33,23
GTDFTFTISSLQPED,40,65,60,85,60,10,55,30,31,8,30,12,12,31,26,31,20,33,55,45,46,65,65,65,24,17,60,80,75,65,70,70,80,70,55,80,60,47,60,85,80,55,49,55,48,65,70,25,38,65,39,55,37,26
TDFTFTISSLQPEDI,35,55,49,75,55,11,48,27,28,7.5,27,12,11,27,23,28,18,26,49,41,37,60,60,49,20,15,60,75,70,65,47,65,75,55,43,70,60,39,60,75,75,40,41,44,32,55,60,19,32,65,35,55,38,26
DFTFTISSLQPEDIA,26,40,42,70,49,13,47,26,26,8.5,26,14,13,26,21,26,18,23,48,41,31,60,60,39,19,13,60,65,70,65,34,60,65,46,40,60,60,35,60,65,65,32,36,41,23,47,55,18,30,60,35,55,43,27
FTFTISSLQPEDIAT,23,36,40,65,55,18,46,27,26,11,27,19,17,26,21,26,20,24,48,42,30,55,55,36,19,15,60,65,70,65,29,60,65,45,42,60,60,36,60,60,65,29,36,40,21,43,48,20,31,60,38,55,48,31
TFTISSLQPEDIATY,25,37,43,60,55,35,55,38,35,23,38,32,30,37,33,35,30,32,60,60,36,65,65,39,25,23,75,65,75,70,28,65,65,47,50,60,75,44,70,65,65,35,43,48,26,49,55,28,40,60,45,60,65,42
FTISSLQPEDIATYF,30,41,49,47,60,46,60,47,43,37,47,45,42,46,42,43,42,43,75,70,43,70,70,43,33,31,80,70,80,80,31,70,70,55,60,65,80,55,80,65,70,45,55,60,32,60,60,38,55,65,55,70,75,55
TISSLQPEDIATYFC,46,60,70,55,70,65,80,65,65,65,65,65,60,70,70,65,60,65,85,85,60,85,85,60,55,55,90,80,90,90,48,80,80,65,75,80,90,75,95,80,80,65,70,75,55,75,75,60,70,75,70,80,90,70
ISSLQPEDIATYFCQ,65,75,80,55,75,70,85,75,75,75,75,75,70,85,85,75,75,75,90,85,70,90,90,75,70,70,95,85,95,95,65,85,85,75,85,90,95,85,95,85,85,80,75,80,70,85,85,70,80,85,80,85,95,80
SSLQPEDIATYFCQQ,90,90,95,65,80,80,95,85,85,80,85,80,80,85,85,85,90,90,95,90,85,95,95,85,85,85,95,95,95,95,80,90,95,85,90,95,95,90,95,95,95,90,85,90,80,90,90,80,85,90,85,90,90,90
SLQPEDIATYFCQQH,95,90,95,75,85,85,90,85,85,80,85,85,85,75,80,85,85,90,85,90,85,90,85,80,85,85,95,90,95,95,80,80,90,90,90,90,95,90,90,95,90,85,90,90,80,90,90,85,90,75,85,75,85,85
LQPEDIATYFCQQHW,95,85,95,85,90,85,85,85,80,75,85,90,85,65,70,80,85,85,80,90,90,85,75,80,80,85,90,90,85,85,75,70,90,95,90,80,90,90,80,90,90,85,95,95,80,90,90,85,90,65,80,60,75,80
QPEDIATYFCQQHWS,90,80,90,95,95,85,80,80,80,70,80,90,85,60,65,80,80,85,75,85,90,80,65,75,75,80,80,85,75,75,70,60,85,95,90,70,80,85,70,85,85,80,95,95,80,90,90,90,95,55,75,50,65,75
PEDIATYFCQQHWSY,75,70,70,85,80,75,70,75,70,60,75,80,75,46,55,70,65,65,65,80,85,70,55,70,60,65,65,75,60,60,60,43,75,90,70,60,65,70,49,75,75,70,85,90,70,80,80,75,85,45,60,36,42,55
EDIATYFCQQHWSYP,70,65,65,85,70,65,65,70,65,49,70,70,70,43,49,65,60,60,60,75,85,65,50,70,50,60,60,70,55,55,60,40,70,85,65,55,60,65,44,75,70,65,75,85,65,75,75,70,80,43,55,33,34,47
DIATYFCQQHWSYPL,41,41,28,80,47,43,46,60,55,34,60,50,47,36,39,55,26,26,55,70,75,60,41,60,23,38,46,60,41,44,48,30,60,65,43,41,46,47,34,60,60,55,55,75,60,65,65,46,55,25,25,18,21,25
IATYFCQQHWSYPLT,32,33,22,75,42,36,40,50,50,30,50,42,41,37,37,50,20,20,48,65,70,55,39,60,18,31,42,55,37,39,47,27,55,60,38,38,42,42,30,55,55,55,48,70,60,65,65,42,47,19,19,14,17,19
ATYFCQQHWSYPLTF,27,28,16,75,37,33,37,49,55,28,49,39,38,37,38,55,14,14,50,65,65,60,43,65,13,27,41,55,36,38,46,30,55,49,33,36,41,39,30,55,55,55,43,70,60,65,60,35,43,17,15,11,15,15
TYFCQQHWSYPLTFG,28,30,18,80,43,37,40,55,55,32,55,42,42,41,42,55,15,16,55,70,70,60,47,65,13,30,43,55,39,42,49,34,55,55,36,41,43,43,34,60,55,60,49,70,65,65,65,40,47,18,17,13,16,16
YFCQQHWSYPLTFGQ,33,35,22,85,55,42,47,60,60,38,60,46,46,46,47,60,17,20,60,70,70,65,49,70,15,33,49,60,45,47,55,40,60,55,44,47,49,50,40,60,60,65,60,75,70,70,70,47,55,21,20,15,21,20
FCQQHWSYPLTFGQG,46,49,37,90,75,60,65,70,75,60,70,60,60,65,65,75,26,33,65,75,80,75,60,75,23,45,65,70,60,60,70,60,70,70,65,60,65,70,55,75,70,75,75,80,80,80,80,65,70,33,32,27,35,33
CQQHWSYPLTFGQGT,65,70,65,95,90,70,85,85,85,70,85,75,70,75,80,85,44,55,75,85,90,80,70,90,35,55,75,85,75,75,80,75,85,85,85,80,75,85,70,85,85,90,90,90,90,90,90,80,85,60,55,49,55,55
QQHWSYPLTFGQGTK,70,80,80,95,95,70,85,85,85,75,85,75,70,80,85,85,60,70,80,85,95,80,75,90,45,55,75,90,80,75,90,80,90,95,90,90,75,90,70,90,90,90,90,95,95,95,95,85,90,80,80,70,55,65
QHWSYPLTFGQGTKV,38,60,41,95,85,65,75,80,75,70,80,70,65,80,80,75,28,38,75,80,90,75,70,85,18,49,70,75,70,70,80,75,75,55,75,80,70,75,70,75,75,80,75,80,85,80,80,70,70,65,55,60,49,49
HWSYPLTFGQGTKVE,27,50,31,95,85,65,70,75,75,75,75,70,65,80,80,75,24,34,75,75,85,70,70,85,14,50,70,70,70,70,75,75,70,46,75,75,70,75,70,70,70,75,70,75,85,75,75,70,65,55,47,55,55,47
WSYPLTFGQGTKVEV,19,40,20,90,80,65,60,70,70,70,70,65,65,80,75,70,18,25,75,70,80,70,70,80,9.5,49,65,60,60,65,70,70,60,35,60,65,65,65,65,60,60,70,60,65,75,70,70,60,55,43,38,45,55,39
SYPLTFGQGTKVEVK,16,35,16,85,70,60,55,70,65,70,70,65,65,75,75,65,17,23,70,65,75,65,70,75,9,50,60,55,55,60,65,70,55,32,55,60,60,55,60,55,55,65,55,60,75,65,60,55,50,38,36,42,55,37
YPLTFGQGTKVEVKR,19,37,20,80,75,65,60,70,70,75,70,70,70,75,75,70,20,26,65,65,75,65,65,75,11,55,55,55,55,55,70,70,55,37,55,60,55,55,55,55,55,65,60,60,75,60,60,60,55,42,41,46,55,42
PLTFGQGTKVEVKR,24,39,23,80,70,65,60,70,70,75,70,65,65,75,75,70,27,36,70,70,75,65,70,75,17,60,55,55,50,55,75,70,55,42,55,60,55,60,55,55,55,65,55,65,75,60,60,60,55,55,50,55,55,50
MNFGLSLVFLVLILK,55,60,40,90,80,85,70,75,70,70,75,70,60,65,70,70,31,42,85,85,75,75,70,85,50,55,75,75,65,60,60,55,75,70,85,65,75,75,65,80,75,80,65,70,80,85,75,70,75,55,41,48,55,60
NFGLSLVFLVLILKG,60,65,55,95,90,90,70,80,75,75,80,80,70,65,75,75,41,55,80,85,80,75,65,85,65,60,70,80,65,55,65,55,80,80,90,65,70,80,60,85,80,85,75,80,85,85,75,80,85,65,55,60,60,70
FGLSLVFLVLILKGV,75,65,65,95,95,95,75,90,80,85,90,95,90,75,80,80,65,70,80,85,85,65,55,85,80,75,65,80,55,45,60,42,80,90,95,65,65,85,55,90,80,90,85,85,90,90,80,90,95,70,75,65,65,80
GLSLVFLVLILKGVO,75,55,70,90,95,95,65,80,70,85,80,95,90,60,75,70,80,75,55,65,75,36,27,60,90,75,38,48,31,24,36,20,48,90,90,40,38,75,33,65,48,75,85,75,80,75,55,90,95,60,80,55,55,80
LSLVFLVLILKGVOC,60,46,65,85,95,90,55,70,55,80,70,90,80,55,70,55,70,65,55,55,70,32,26,55,85,70,37,45,29,21,31,20,45,80,85,40,37,70,32,60,45,70,75,70,70,65,42,85,85,43,70,44,48,75
SLVFLVLILKGVOCE,55,38,60,75,90,80,45,55,42,65,55,80,70,41,55,42,70,60,41,45,55,25,21,43,80,60,33,39,26,19,26,18,39,75,75,35,33,60,30,49,39,55,65,60,55,55,35,75,80,36,65,39,43,65
LVFLVLILKGVOCEV,40,31,43,65,80,70,35,43,34,55,43,70,60,32,38,34,43,37,34,38,39,22,19,31,50,50,33,32,24,19,19,17,32,49,55,28,33,42,29,39,32,36,49,42,37,40,27,55,60,29,47,31,39,48
VFLVLILKGVOCEVQ,33,25,37,55,75,60,29,34,28,45,34,60,50,26,31,28,40,34,30,33,34,19,17,25,45,44,29,27,22,17,15,16,27,45,47,25,29,36,27,32,27,28,44,36,29,31,21,49,50,24,44,27,36,41
FLVLILKGVOCEVQL,30,22,34,49,70,55,26,30,25,42,30,55,47,22,27,25,35,30,29,31,30,18,17,22,40,41,28,24,23,17,13,16,24,41,42,23,28,32,27,29,24,23,41,33,24,28,20,44,46,21,40,24,36,37
LVLILKGVOCEVQLL,31,24,36,47,65,60,30,31,27,43,31,55,48,25,28,27,34,30,34,35,31,22,23,24,37,43,34,27,29,24,15,21,27,41,43,26,34,34,34,31,27,24,44,35,24,31,24,43,46,23,39,28,41,38
VLILKGVOCEVQLLE,38,34,45,49,65,60,40,40,36,49,40,60,55,34,36,36,38,36,49,48,41,39,42,34,39,50,55,42,48,49,25,41,42,48,55,42,55,42,55,45,42,33,55,45,32,43,40,49,55,33,47,40,55,45
LILKGVOCEVQLLES,50,50,60,50,75,65,55,50,49,60,50,65,65,44,45,49,44,45,60,60,55,55,55,46,44,60,65,55,65,65,37,55,55,60,60,55,65,55,65,60,55,44,65,60,44,55,55,60,65,47,60,55,65,60
ILKGVOCEVQLLESG,70,65,75,60,85,80,75,70,65,70,70,80,75,65,65,65,65,65,75,75,70,75,75,65,60,70,80,75,80,80,55,70,75,80,75,70,80,75,80,75,75,65,80,75,65,70,75,70,80,70,75,75,80,75
LKGVOCEVQLLESGG,85,85,95,70,90,85,90,80,80,80,80,90,85,75,75,80,85,90,85,85,85,85,85,80,85,80,90,90,90,90,75,80,90,95,90,90,90,90,90,90,90,80,95,90,75,85,85,90,90,90,90,90,90,85
KGVOCEVQLLESGGG,75,75,95,80,95,90,90,80,75,80,80,90,85,75,80,75,90,90,85,85,90,80,85,85,80,75,90,90,90,85,75,80,90,95,95,90,90,90,90,90,90,80,95,95,75,85,85,90,95,85,90,90,90,85
GVOCEVQLLESGGGL,49,60,85,90,95,80,75,65,55,75,65,85,75,60,70,55,80,75,75,70,85,70,75,80,65,60,80,85,80,75,65,70,85,90,90,85,80,90,80,85,85,80,90,90,75,80,85,90,90,70,80,75,75,75
VOCEVQLLESGGGLV,30,40,48,90,90,65,60,55,40,65,55,70,65,49,60,40,35,37,65,60,70,60,65,70,27,46,70,70,70,65,49,60,70,35,75,75,70,75,70,70,70,65,75,75,65,70,70,70,75,48,42,60,65,55
OCEVQLLESGGGLVQ,24,35,36,85,85,65,55,48,38,65,48,70,60,48,55,38,28,29,65,60,65,55,65,65,20,43,65,65,65,65,45,60,65,24,70,70,65,65,70,60,65,65,65,65,65,65,65,65,65,42,32,49,65,47
CEVQLLESGGGLVQP,24,36,36,85,85,65,55,50,41,65,50,70,65,55,60,41,31,31,65,60,65,55,65,70,21,45,65,65,65,65,48,60,65,24,70,70,65,65,70,65,65,65,65,65,65,65,70,65,65,44,33,49,65,49
EVQLLESGGGLVQPG,28,40,39,85,90,70,60,60,48,70,60,75,70,60,65,48,35,35,70,65,65,60,70,70,24,55,70,65,70,70,55,65,65,26,70,75,70,70,75,65,65,70,70,70,70,70,70,70,70,49,38,55,70,55
VQLLESGGGLVQPGG,36,55,44,90,90,80,70,75,70,85,75,80,80,80,80,70,38,40,80,75,75,75,85,80,28,70,80,70,80,80,65,80,70,30,75,80,80,75,85,70,70,75,75,75,80,80,80,75,75,60,44,65,80,65
QLLESGGGLVQPGGS,55,75,60,95,95,95,90,90,90,95,90,95,90,95,95,90,55,60,95,90,85,90,95,90,42,85,95,85,90,95,85,95,85,46,90,90,95,90,95,85,85,90,90,85,95,90,90,90,90,75,65,80,95,80
LLESGGGLVQPGGSL,75,85,80,95,95,95,95,95,95,95,95,95,95,95,95,95,80,85,95,95,95,95,95,95,70,95,95,95,95,95,95,95,95,80,95,95,95,95,95,95,95,95,95,95,95,95,95,95,95,90,85,90,95,95
LESGGGLVQPGGSLR,80,85,85,95,95,95,95,95,95,95,95,95,95,95,95,95,90,90,95,95,95,90,95,95,80,95,95,90,85,90,95,95,90,95,95,90,95,95,95,90,90,95,95,95,95,95,95,95,95,90,95,90,95,95
ESGGGLVQPGGSLRL,25,46,32,70,85,75,60,75,70,85,75,75,80,80,80,70,26,34,85,80,80,75,80,80,12,65,80,50,60,70,70,80,50,38,70,60,80,70,80,46,50,60,65,70,70,60,60,70,65,40,44,44,75,60
SGGGLVQPGGSLRLS,11,28,18,55,70,60,41,55,55,75,55,60,65,70,70,55,17,23,75,70,70,65,70,70,6,48,70,34,49,60,55,70,34,27,55,46,70,55,75,29,34,43,50,60,60,43,42,60,47,23,29,28,65,38
GGGLVQPGGSLRLSC,11,28,18,55,75,60,41,55,55,75,55,60,65,70,70,55,18,24,75,70,70,65,70,70,6.5,48,70,35,48,60,55,70,35,28,55,47,70,55,75,30,35,45,55,60,60,44,43,60,50,23,30,28,65,39
GGLVQPGGSLRLSCA,8.5,24,15,50,70,55,38,50,48,75,50,60,60,65,65,48,16,22,75,65,70,60,65,65,6,45,65,31,46,55,55,70,31,26,55,45,65,55,70,27,31,43,55,55,60,41,40,60,47,19,27,25,60,35
GLVQPGGSLRLSCAA,12,27,19,60,75,65,42,55,55,75,55,65,65,70,70,55,19,26,75,65,75,60,70,70,7.5,49,65,34,48,60,55,65,34,31,60,48,65,60,70,31,34,47,60,60,60,46,45,65,55,22,32,29,65,39
LVQPGGSLRLSCAAS,18,33,26,70,85,60,43,48,50,75,48,55,60,70,65,50,26,36,75,65,75,60,70,70,12,50,70,43,55,60,60,70,43,41,70,60,70,65,75,40,43,55,65,60,65,55,55,70,60,31,41,38,70,47
VQPGGSLRLSCAASG,19,36,27,75,80,21,31,20,26,50,20,19,20,60,55,26,35,45,70,41,60,50,65,70,19,31,60,47,48,48,70,70,47,29,70,70,60,65,70,44,47,55,43,36,65,39,48,60,33,55,49,55,60,50
QPGGSLRLSCAASGF,6,22,14,55,55,5.5,10,4.5,6,22,4.5,5.5,5.5,31,23,6,22,34,47,18,37,31,50,47,9,12,38,28,35,34,60,55,28,13,46,55,38,38,55,27,28,31,20,15,41,16,28,31,13,42,32,43,40,25
PGGSLRLSCAASGFA,3,13,7.5,40,39,3,4.5,1.6,2.5,14,1.6,2.5,3,21,14,2.5,16,24,36,9.5,26,22,41,34,5.5,6.5,27,19,29,27,48,47,19,9.5,35,45,27,27,44,18,19,20,12,8,29,9,18,22,7.5,31,23,33,29,16
GGSLRLSCAASGFAF,1.4,8.5,4.5,31,29,1.6,2.5,0.8,1.3,9,0.8,1.5,1.6,14,8.5,1.3,9.5,14,28,6.5,18,17,33,25,3,4,22,14,24,23,36,39,14,6.5,24,35,22,18,37,13,14,12,8,5,19,5,13,15,5,21,15,24,22,9.5
GSLRLSCAASGFAFS,1.8,9.5,5.5,36,33,2.5,3.5,1.3,2,12,1.3,2.5,2.5,17,11,2,10,14,29,8.5,19,19,35,26,3,4.5,24,17,26,24,36,39,17,8.5,26,36,24,20,38,15,17,15,10,6.5,22,7,15,17,6.5,24,16,25,23,12
SLRLSCAASGFAFST,4.5,14,10,47,45,6.5,8,4,5,20,4,6,6,26,18,5,13,18,37,15,27,26,40,34,4.5,8,33,25,33,31,40,44,25,14,35,44,33,28,45,23,25,25,17,12,32,13,22,25,12,32,22,32,29,17
LRLSCAASGFAFSTY,17,28,23,75,70,28,31,24,28,43,24,27,27,49,45,28,21,28,55,39,55,47,55,55,7.5,23,55,55,48,46,55,55,55,42,60,60,55,55,60,49,55,55,44,36,55,41,50,49,37,46,38,44,40,30
RLSCAASGFAFSTYD,38,55,50,90,90,60,70,70,70,70,70,60,60,75,75,70,33,45,75,70,80,75,75,80,15,42,75,80,75,70,70,70,80,80,85,80,75,80,75,80,80,80,80,75,80,80,80,75,70,65,55,60,60,48
LSCAASGFAFSTYDM,55,70,65,95,90,75,80,80,80,70,80,70,70,75,80,80,43,55,80,80,85,80,80,85,24,50,80,90,80,80,75,75,90,90,85,85,80,85,80,90,90,85,85,85,85,85,90,80,80,65,60,60,65,55
SCAASGFAFSTYDMS,65,70,65,90,75,55,75,70,70,43,70,50,55,60,60,70,47,55,75,80,80,80,75,85,29,45,75,90,80,80,75,70,90,85,75,85,75,75,75,90,90,75,80,80,75,80,85,55,70,60,55,55,55,47
CAASGFAFSTYDMSW,60,65,60,80,60,39,65,60,60,30,60,39,41,47,47,60,42,48,70,75,75,75,70,80,29,37,70,85,75,75,75,65,85,80,70,80,70,70,65,85,85,70,70,80,70,75,80,45,60,55,42,44,42,39
AASGFAFSTYDMSWV,47,55,46,70,41,27,55,44,45,19,44,26,28,36,34,45,28,31,60,65,60,70,60,70,20,27,60,75,70,70,65,55,75,65,55,70,60,55,55,80,75,60,60,65,55,65,75,31,42,38,23,30,33,26
ASGFAFSTYDMSWVR,40,48,39,36,22,20,43,36,37,15,36,19,21,29,27,37,24,26,55,60,50,60,55,60,18,21,55,70,60,60,60,50,70,60,44,60,55,45,47,70,70,45,41,55,44,55,65,23,31,31,17,25,28,21
SGFAFSTYDMSWVRQ,40,47,39,29,19,21,42,35,37,15,35,19,22,28,27,37,25,26,49,55,49,60,55,60,19,22,49,65,55,55,55,47,65,55,42,60,49,45,45,65,65,41,38,50,40,47,55,23,29,31,17,26,28,21
GFAFSTYDMSWVRQA,33,38,31,24,17,18,38,30,34,15,30,16,19,27,26,34,19,21,39,44,41,48,43,50,13,19,40,55,44,43,55,42,55,44,31,48,40,37,38,55,55,36,29,41,35,38,47,19,21,30,15,26,23,18
FAFSTYDMSWVRQAP,34,39,34,27,19,20,41,35,40,20,35,19,23,33,31,40,24,26,38,42,44,48,42,55,16,22,38,55,41,41,60,44,55,47,35,48,38,40,36,55,55,40,32,43,40,40,48,23,23,36,18,30,25,22
AFSTYDMSWVRQAPG,37,39,38,34,27,26,42,41,45,30,41,28,32,40,40,45,31,35,36,38,55,45,39,55,20,25,36,55,37,37,65,45,55,55,40,48,36,45,36,55,55,42,39,46,45,40,47,34,29,44,27,39,28,29
FSTYDMSWVRQAPGK,35,33,37,38,31,27,39,39,42,34,39,31,34,39,39,42,34,41,29,29,55,34,30,46,21,26,27,45,29,30,65,43,45,55,39,42,27,45,29,43,45,40,40,44,46,36,42,39,31,49,38,45,26,31
STYDMSWVRQAPGKG,40,38,44,65,55,38,45,48,49,47,48,44,45,47,50,49,49,60,34,31,70,33,32,55,31,34,29,47,29,31,70,49,47,70,49,47,29,55,33,44,47,55,55,55,60,44,47,60,45,60,65,60,33,43
TYDMSWVRQAPGKGL,26,26,26,75,65,37,34,45,44,49,45,46,44,45,47,44,37,41,28,26,65,24,27,46,22,30,21,35,23,24,65,43,35,60,42,36,21,49,26,30,35,47,49,47,60,40,41,60,45,55,55,50,28,38
YDMSWVRQAPGKGLE,26,29,27,80,75,48,38,55,50,65,55,60,55,55,60,50,41,43,33,31,70,27,30,55,25,39,23,37,25,26,65,48,37,65,55,40,23,60,29,31,37,55,60,55,65,48,46,70,60,55,60,55,34,44
DMSWVRQAPGKGLEW,23,30,26,85,80,60,42,65,60,75,65,65,60,65,70,60,41,43,41,39,80,33,38,65,26,45,24,38,27,29,70,55,38,70,55,44,24,65,32,33,38,65,65,60,75,60,55,75,65,55,65,55,38,48
MSWVRQAPGKGLEWV,19,25,21,85,80,55,39,65,60,75,65,65,60,70,75,60,34,36,42,39,80,32,38,65,21,42,21,34,25,27,65,55,34,65,55,42,21,60,31,30,34,65,60,60,75,60,55,75,65,49,60,50,36,44
SWVRQAPGKGLEWVA,27,35,29,90,90,70,55,75,75,85,75,80,70,80,85,75,46,48,60,60,85,48,55,75,29,55,31,48,36,39,75,65,48,75,70,55,31,75,40,42,48,80,75,70,85,75,70,85,75,60,70,60,47,60
WVRQAPGKGLEWVAT,42,49,44,95,95,85,70,85,85,90,85,90,85,90,95,85,60,60,70,75,90,65,70,85,40,70,48,65,55,55,80,75,65,85,80,70,48,85,60,60,65,85,85,85,90,85,80,95,90,70,80,70,65,70
VRQAPGKGLEWVATI,70,75,75,95,95,95,95,95,95,95,95,95,95,95,95,95,80,85,90,90,95,85,90,90,65,85,90,90,85,85,90,85,90,95,95,90,90,95,90,85,90,95,95,95,95,95,95,95,95,85,90,85,80,85
RQAPGKGLEWVATIS,80,80,85,95,95,85,90,85,85,85,85,90,90,85,90,85,85,90,85,85,90,85,80,90,70,75,90,90,90,85,85,85,90,95,95,95,90,95,90,95,90,95,95,95,90,90,95,90,95,85,90,80,80,80
QAPGKGLEWVATISS,60,65,70,95,90,41,65,45,43,44,45,41,34,65,65,43,50,65,65,42,55,60,70,70,45,40,70,80,75,70,75,75,80,80,80,85,70,75,75,85,80,75,70,65,70,75,75,70,65,70,70,65,65,55
APGKGLEWVATISSG,45,60,65,90,85,26,49,30,29,32,30,25,21,50,55,29,40,60,55,24,47,49,60,60,35,26,60,75,70,60,70,70,75,75,75,85,60,70,70,80,75,70,60,50,60,65,70,65,55,65,60,60,55,41
PGKGLEWVATISSGG,34,55,55,90,80,16,41,23,24,26,23,16,14,46,45,24,25,45,46,17,46,42,55,60,20,19,55,70,60,55,70,70,70,75,75,80,55,65,60,75,70,65,50,41,60,60,65,55,39,65,55,60,39,31
GKGLEWVATISSGGS,24,45,46,90,70,10,32,15,17,20,15,10,9,39,36,17,18,35,38,12,39,35,47,49,13,13,43,65,55,47,65,65,65,65,65,75,43,55,55,70,65,55,42,33,55,45,55,47,30,55,45,55,31,21
KGLEWVATISSGGSY,18,40,41,90,65,8,30,14,15,17,14,8.5,7.5,36,32,15,13,27,34,10,37,30,45,46,9,10,38,60,55,45,60,65,60,60,60,75,38,49,48,65,60,49,38,29,49,41,49,43,26,55,39,47,27,15
GLEWVATISSGGSYT,19,41,44,90,70,11,36,18,19,22,18,11,10,44,39,19,15,28,39,14,45,34,49,55,10,13,41,65,55,47,65,65,65,65,65,75,41,55,55,70,65,55,45,34,55,48,55,49,31,55,42,55,31,17
LEWVATISSGGSYTY,22,41,47,90,75,15,42,24,26,29,24,16,14,55,48,26,16,25,45,19,55,37,55,55,10,18,44,65,55,50,60,65,65,60,70,75,44,60,55,65,65,60,49,38,60,55,60,55,34,55,42,50,34,20
EWVATISSGGSYTYY,32,49,55,85,80,27,55,40,41,49,40,29,27,70,65,41,23,31,65,35,70,49,65,70,13,31,60,70,65,60,65,70,70,65,75,80,60,70,70,70,70,65,60,55,70,65,65,60,46,55,46,55,47,34
WVATISSGGSYTYYL,37,55,50,85,85,50,60,55,55,70,55,50,49,75,75,55,26,30,70,45,75,55,70,70,13,47,70,70,65,65,60,70,70,60,80,75,70,80,75,65,70,70,70,60,70,70,70,70,60,44,43,45,60,44
VATISSGGSYTYYLD,50,65,65,90,90,75,80,75,75,85,75,75,75,85,85,75,39,43,85,70,85,75,85,85,20,70,85,75,80,80,70,80,75,70,90,85,85,90,90,75,75,80,80,75,85,80,80,80,75,55,55,55,75,65
ATISSGGSYTYYLDS,65,75,75,90,95,85,85,85,85,90,85,80,85,90,90,85,50,55,90,90,90,90,90,90,28,80,90,85,85,90,75,85,85,80,90,90,90,95,90,85,85,90,90,90,90,90,90,85,85,65,65,60,80,75
TISSGGSYTYYLDSV,75,80,80,95,95,85,90,90,90,85,90,85,85,90,90,90,60,65,90,90,95,90,90,90,38,80,90,90,85,90,80,85,90,90,95,90,90,95,90,90,90,90,90,95,90,95,90,90,90,65,70,65,80,75
ISSGGSYTYYLDSVK,75,75,70,95,90,75,75,85,80,60,85,80,75,65,75,80,65,70,75,85,90,80,70,90,50,65,75,90,75,75,80,70,90,95,85,85,75,85,60,90,90,90,95,95,90,95,95,90,90,55,65,45,40,50
SSGGSYTYYLDSVKG,43,55,60,85,70,36,60,60,55,37,60,55,45,45,55,55,55,60,60,70,85,70,60,85,46,40,55,80,65,55,80,60,80,90,70,75,55,70,44,85,80,75,80,85,80,75,80,70,70,48,55,34,24,35
SGGSYTYYLDSVKGR,25,30,39,18,13,14,35,33,30,21,33,26,24,26,30,30,43,43,39,45,70,45,40,70,37,23,30,65,40,36,65,43,65,70,36,60,30,47,27,65,65,55,39,65,60,47,55,39,32,36,39,24,13,22
GGSYTYYLDSVKGRF,15,19,23,7.5,5.5,6.5,22,21,19,12,21,14,13,17,18,19,28,25,24,29,50,31,27,55,26,14,17,44,23,22,48,25,44,46,16,34,17,27,15,39,44,31,21,40,41,30,37,20,17,25,26,15,7.5,13
GSYTYYLDSVKGRFT,13,14,17,6,4.5,5.5,18,18,17,11,18,12,11,15,16,17,21,16,20,22,44,26,22,44,19,13,13,35,17,17,41,19,35,41,12,26,13,22,11,28,35,25,17,32,35,24,29,17,13,23,23,14,6.5,12
SYTYYLDSVKGRFTI,12,11,14,5,4,5.5,17,18,17,12,18,11,11,16,16,17,16,12,16,20,40,22,19,38,15,13,11,28,13,14,36,16,28,36,8,20,11,17,9.5,21,28,21,15,26,31,21,24,15,12,19,21,13,6,11
YTYYLDSVKGRFTIS,12,12,14,5.5,4.5,7.5,20,23,21,16,23,14,14,19,21,21,16,12,16,21,43,22,18,39,15,15,11,26,13,13,36,16,26,38,9,20,11,18,9,20,26,22,18,27,34,22,25,18,13,22,24,17,7.5,12
TYYLDSVKGRFTISR,18,18,20,9.5,8.5,16,25,33,33,30,33,24,26,31,35,33,19,16,19,26,55,21,18,38,20,24,13,24,13,14,40,19,24,47,15,20,13,25,11,19,24,26,28,34,42,25,27,28,23,27,34,25,13,20
YYLDSVKGRFTISRD,28,27,28,27,26,46,36,55,50,55,55,55,55,43,49,50,25,24,25,36,65,25,22,45,27,42,18,30,17,18,47,23,30,65,29,23,18,42,15,25,30,43,55,48,60,41,38,60,55,34,47,33,19,30
YLDSVKGRFTISRDS,42,39,47,65,80,70,48,60,60,65,60,70,70,50,55,60,38,40,36,46,75,32,30,55,40,55,32,38,26,29,60,37,38,80,55,32,32,60,30,34,38,60,75,70,70,55,50,80,80,47,65,48,35,47
LDSVKGRFTISRDSK,70,60,70,70,85,65,55,60,60,65,60,70,70,55,55,60,60,65,41,46,75,32,34,55,65,70,40,42,30,33,75,55,42,85,65,41,40,70,40,41,42,65,80,70,70,55,49,85,80,65,80,65,50,65
DSVKGRFTISRDSKN,65,65,70,65,65,32,48,46,55,42,46,36,41,49,45,55,55,60,42,44,75,37,38,60,60,55,39,55,34,35,85,65,55,80,48,48,39,60,38,49,55,60,60,60,70,48,48,65,55,75,70,70,44,60
SVKGRFTISRDSKNT,50,55,60,42,42,18,36,33,40,29,33,21,26,39,34,40,42,49,33,35,65,33,34,55,50,40,31,45,29,30,80,55,45,65,36,42,31,46,32,43,45,55,40,44,65,39,39,55,40,65,60,60,32,41
VKGRFTISRDSKNTL,35,43,42,4.5,8,10,27,23,30,18,23,12,16,32,25,30,29,33,29,30,45,33,33,45,38,28,24,36,25,26,75,55,36,30,18,37,24,28,26,30,36,32,19,28,46,24,25,25,20,55,40,50,23,27
KGRFTISRDSKNTLY,30,40,36,1.5,3.5,7.5,23,19,26,15,19,9.5,14,30,22,26,25,28,30,28,36,36,37,42,34,24,23,31,25,27,65,55,31,20,13,37,23,22,26,24,31,25,12,20,35,17,19,17,12,49,31,45,21,23
GRFTISRDSKNTLYL,37,48,41,0.8,1.7,12,27,24,33,21,24,13,19,37,28,33,32,33,37,36,32,40,43,42,41,31,29,28,28,32,60,55,28,15,13,35,29,22,33,21,28,23,11,19,31,17,17,15,11,50,32,47,28,29
RFTISRDSKNTLYLQ,46,60,48,0.8,1.8,19,33,31,41,31,31,20,27,46,37,41,40,40,43,42,32,45,48,45,50,41,37,30,33,38,60,60,30,16,15,37,37,25,39,22,30,27,13,21,34,19,18,18,13,55,37,55,36,37
FTISRDSKNTLYLQM,65,70,65,1.4,3.5,43,55,48,60,55,48,41,55,65,55,60,55,55,60,60,39,65,65,55,65,65,55,40,50,55,60,65,40,21,26,47,55,36,55,32,40,38,23,31,40,29,30,28,24,60,50,65,60,55
TISRDSKNTLYLQMN,80,80,80,3.5,8.5,70,70,65,70,70,65,65,75,70,70,70,65,65,70,75,55,75,75,65,75,75,70,55,70,70,65,65,55,32,46,60,70,55,70,47,55,55,39,46,55,46,45,47,41,70,70,70,75,70
ISRDSKNTLYLQMNS,80,75,80,21,33,75,75,65,70,70,65,70,75,65,65,70,70,70,65,75,65,70,70,65,75,70,70,70,75,70,60,60,70,55,60,70,70,65,65,70,70,65,65,60,65,60,65,65,65,65,75,70,65,70
SRDSKNTLYLQMNSL,44,48,60,80,75,47,55,39,40,35,39,45,41,39,37,40,50,49,55,60,46,60,55,47,55,39,65,65,65,60,35,44,65,55,55,55,65,47,55,65,65,55,60,60,48,60,60,55,60,42,47,45,49,43
RDSKNTLYLQMNSLQ,21,29,37,70,60,11,20,12,12,7,12,14,10,13,12,12,44,43,40,40,24,44,41,31,44,17,48,43,47,44,24,35,43,34,33,39,48,24,42,48,43,31,33,34,26,37,40,30,33,27,26,27,31,23
DSKNTLYLQMNSLQA,2,7.5,8,55,33,0.3,3.5,1.9,1.6,0.15,1.9,0.8,0.25,1.6,1.6,1.6,26,25,22,20,12,28,27,20,17,0.7,25,28,32,28,15,23,28,21,15,26,25,9.5,24,33,28,15,12,19,12,20,21,9.5,10,11,6,9,6.5,2.5
SKNTLYLQMNSLQAE,1.1,4,5,39,18,0.1,1.9,0.9,0.8,0.06,0.9,0.3,0.09,0.7,0.7,0.8,26,25,18,16,7.5,25,24,16,15,0.4,20,26,29,25,14,20,26,14,11,24,20,7,19,30,26,11,6.5,13,7,14,16,5.5,5,8,4.5,6.5,4,1.4
KNTLYLQMNSLQAED,1.2,5,6,38,17,0.1,2.5,0.9,0.9,0.06,0.9,0.3,0.12,0.8,0.8,0.9,30,28,21,17,8,27,27,18,17,0.4,21,29,32,27,16,23,29,15,13,28,21,8,22,32,29,13,6.5,13,8,15,18,6,5,10,5.5,8,4.5,1.6
NTLYLQMNSLQAEDS,1.2,5.5,6,39,17,0.12,3,1,1,0.07,1,0.3,0.12,1,1,1,33,31,24,18,9,31,31,21,19,0.4,22,34,35,30,21,26,34,16,15,34,22,10,24,38,34,15,7,14,10,17,21,6.5,5,13,6.5,9.5,5,1.8
TLYLQMNSLQAEDSA,1.5,6.5,7,41,18,0.17,5,1.6,1.4,0.12,1.6,0.5,0.17,1.5,1.6,1.4,37,36,26,20,11,35,35,23,21,0.5,24,39,39,32,26,29,39,17,18,40,24,13,27,41,39,18,8.5,15,13,20,25,8,6,18,8.5,12,5.5,2.5
LYLQMNSLQAEDSAI,3,9.5,11,47,23,0.6,11,4.5,4,0.4,4.5,1.2,0.6,4.5,5,4,43,45,34,28,18,43,42,34,23,1,30,55,48,39,38,37,55,23,27,55,30,22,33,55,55,27,16,24,20,29,38,13,11,31,15,21,9.5,5
YLQMNSLQAEDSAIY,8,21,23,33,24,4,30,15,14,4,15,6.5,4.5,19,20,14,55,60,50,41,26,60,60,42,30,4.5,47,65,65,55,47,55,65,29,42,65,47,37,55,60,65,40,27,35,28,40,48,18,19,55,31,46,27,17
LQMNSLQAEDSAIYY,31,44,55,17,24,26,55,36,36,33,36,29,28,50,46,36,60,60,80,65,36,75,75,55,44,29,85,70,80,80,55,75,70,34,55,75,85,55,85,65,70,49,37,47,36,49,60,25,30,70,50,70,75,55
QMNSLQAEDSAIYYC,41,55,60,16,25,32,65,45,45,43,45,35,35,65,60,45,65,60,85,75,45,80,85,65,50,41,90,75,85,85,60,80,75,36,60,80,90,65,90,70,75,60,43,60,47,60,65,32,35,75,55,75,80,60
MNSLQAEDSAIYYCA,49,60,60,14,21,32,65,47,50,47,47,34,37,70,65,50,60,60,85,75,42,80,85,60,55,55,85,70,85,85,55,80,70,32,55,80,85,60,90,65,70,55,38,55,48,55,65,30,30,70,49,75,85,60
NSLQAEDSAIYYCAP,65,75,70,18,26,41,75,60,65,60,60,43,48,80,75,65,70,65,90,80,55,85,90,70,65,65,90,80,90,90,65,85,80,41,65,85,90,70,90,75,80,65,47,60,60,65,70,38,38,80,60,80,90,70
SLQAEDSAIYYCAPT,70,80,75,23,35,55,80,70,75,70,70,55,60,85,80,75,75,75,90,85,65,90,90,75,70,70,95,85,95,95,70,90,85,55,75,90,95,75,95,80,85,75,60,70,70,70,80,50,50,80,65,80,90,75
LQAEDSAIYYCAPTT,80,85,85,44,60,75,90,85,85,80,85,75,75,85,85,85,80,80,90,90,80,90,90,85,65,80,95,90,95,95,80,90,90,75,85,90,95,85,95,90,90,85,80,85,80,85,90,70,70,75,70,70,85,80
QAEDSAIYYCAPTTV,48,75,60,85,65,60,75,70,75,65,70,55,60,75,75,75,31,40,80,70,65,80,85,80,24,55,80,85,90,85,75,85,85,42,70,85,80,65,80,85,85,80,55,60,75,80,80,47,49,55,38,49,65,47
AEDSAIYYCAPTTVV,18,48,20,70,31,21,55,47,49,33,47,20,23,60,60,49,11,14,65,46,40,70,70,70,6.5,25,60,70,75,70,65,70,70,23,41,75,60,39,65,70,70,60,22,33,60,60,60,15,16,37,16,31,38,20
EDSAIYYCAPTTVVP,14,43,16,70,26,15,55,42,44,27,42,15,17,55,55,44,9.5,12,60,39,37,65,70,65,6,19,55,70,70,65,65,70,70,22,38,70,55,37,60,70,70,55,18,28,60,55,60,13,13,37,15,30,33,16
DSAIYYCAPTTVVPF,8,35,9.5,60,18,9,43,32,36,18,32,9,11,47,44,36,5.5,6.5,48,29,24,55,65,55,3,12,44,60,65,60,55,65,60,17,28,65,44,27,55,65,60,43,12,19,45,44,46,7,7.5,31,9,25,26,11
SAIYYCAPTTVVPFA,6,29,7,55,16,7,37,26,31,15,26,7,8,43,39,31,4,5,41,22,19,48,60,48,2.5,9,39,55,55,55,46,60,55,15,24,60,39,23,47,60,55,37,9.5,14,39,39,40,6,6,29,8,23,22,7.5
AIYYCAPTTVVPFAY,8,34,11,60,19,8.5,43,31,36,18,31,8.5,9.5,48,45,36,4.5,6,44,24,21,50,60,48,3,11,43,60,60,55,44,60,60,19,30,60,43,28,50,60,60,41,12,16,41,43,44,8.5,8,38,12,31,26,11
IYYCAPTTVVPFAYW,15,45,19,75,30,14,55,41,49,28,41,14,16,60,55,49,7.5,11,55,35,31,60,65,55,6,19,55,70,70,65,47,60,70,33,45,70,55,42,60,70,70,55,20,24,55,55,60,18,16,60,25,55,36,19
YYCAPTTVVPFAYWG,37,65,41,85,65,34,75,60,70,49,60,32,34,75,70,70,19,28,70,55,55,70,75,65,19,38,70,80,80,75,60,70,80,60,70,80,70,70,75,80,80,70,46,43,70,70,75,44,40,70,55,65,55,41
YCAPTTVVPFAYWGQ,75,75,75,95,90,75,85,75,80,75,75,70,70,80,80,80,40,55,75,65,70,75,70,70,43,65,80,85,80,80,60,65,85,80,90,80,80,85,75,85,85,80,80,70,75,80,85,80,75,65,70,60,65,65
CAPTTVVPFAYWGQG,85,80,90,95,95,90,90,85,85,85,85,90,85,80,85,85,65,75,75,75,80,75,70,80,65,75,80,90,80,80,70,65,90,90,95,85,80,90,80,90,90,90,95,85,85,90,90,90,90,60,75,60,65,75
APTTVVPFAYWGQGT,85,80,85,95,95,95,90,90,85,90,90,95,90,80,85,85,75,80,75,75,90,75,70,85,65,75,80,90,80,75,70,65,90,95,95,85,80,95,75,90,90,90,95,90,90,90,90,95,95,55,75,49,60,70
PTTVVPFAYWGQGTL,75,70,75,95,95,90,80,85,85,80,85,90,85,75,80,85,65,70,70,75,90,70,60,80,45,65,75,85,70,70,70,55,85,95,90,75,75,90,65,90,85,85,95,90,85,90,90,90,95,41,55,32,42,55
TTVVPFAYWGQGTLV,55,55,48,95,85,80,75,85,80,75,85,80,75,70,75,80,43,55,65,75,85,70,60,80,25,55,65,80,65,65,70,49,80,85,85,70,65,80,55,85,80,85,85,85,85,90,85,80,85,34,42,25,32,40
TVVPFAYWGQGTLVT,39,49,36,95,80,60,70,80,75,60,80,65,60,70,75,75,37,45,65,75,85,70,60,80,19,39,65,80,65,60,70,50,80,80,80,70,65,80,55,80,80,80,80,85,85,85,85,75,75,33,37,24,28,33
VVPFAYWGQGTLVTV,27,43,27,95,70,43,65,70,70,47,70,50,45,65,70,70,27,34,65,70,80,70,60,75,13,29,60,80,60,60,70,55,80,70,70,70,60,70,55,80,80,75,70,75,80,80,80,60,60,34,32,24,24,26
VPFAYWGQGTLVTVS,23,42,26,95,65,38,65,70,65,43,70,45,40,65,70,65,26,32,70,70,80,70,65,80,12,25,65,80,60,60,75,60,80,70,70,75,65,70,55,80,80,75,65,75,80,80,80,60,60,40,34,29,25,25
PFAYWGQGTLVTVSS,25,45,30,95,70,36,70,65,65,42,65,43,38,65,70,65,30,37,70,70,80,70,70,80,14,25,65,80,65,60,75,65,80,75,75,75,65,75,55,85,80,80,70,75,80,80,85,60,60,48,40,37,28,28
FAYWGQGTLVTVSS,20,38,26,90,60,27,60,55,55,35,55,35,29,60,65,55,25,32,65,60,70,65,65,75,13,21,60,75,55,55,70,60,75,70,65,75,60,65,55,75,75,70,60,65,75,70,75,55,46,48,37,40,29,26
MGIKMESQTQVFVFV,33,37,41,12,19,28,34,22,26,33,22,25,29,35,28,26,32,28,41,28,12,39,47,21,34,32,49,34,49,50,19,46,34,19,26,39,49,25,55,33,34,16,20,17,11,19,23,16,19,39,32,46,55,38
GIKMESQTQVFVFVL,42,48,47,18,26,40,46,33,38,44,33,34,39,46,41,38,34,33,49,37,17,47,55,28,37,41,60,43,60,60,25,55,43,26,36,46,60,34,65,43,43,25,29,24,16,29,34,23,28,46,38,55,60,45
IKMESQTQVFVFVLL,60,65,60,40,48,65,65,60,60,65,60,55,60,65,65,60,38,40,65,60,33,65,70,46,45,60,75,60,75,75,35,60,60,43,60,60,75,55,75,60,60,45,55,43,36,55,60,43,55,60,50,60,75,60
KMESQTQVFVFVLLW,70,75,70,80,80,85,80,75,75,70,75,75,75,75,75,75,47,55,80,80,65,75,75,70,60,65,85,80,85,85,49,70,80,75,80,75,85,75,85,80,80,75,85,80,70,80,80,75,80,65,70,70,80,70
MESQTQVFVFVLLWL,85,85,80,95,90,95,85,90,85,85,90,90,85,80,85,85,65,70,90,90,80,85,80,80,75,75,90,90,90,85,65,75,90,90,95,85,90,90,90,90,90,90,95,90,85,95,95,90,95,70,75,70,85,80
ESQTQVFVFVLLWLS,85,85,85,95,95,95,90,90,85,85,90,95,90,80,85,85,70,80,90,95,85,85,80,85,80,75,90,90,90,85,70,75,90,95,95,85,90,90,85,95,90,95,95,95,90,95,95,95,95,75,80,70,75,80
SQTQVFVFVLLWLSG,85,85,85,95,95,95,90,90,85,85,90,95,90,80,85,85,80,85,85,90,90,85,75,90,85,75,85,90,85,80,70,65,90,95,95,85,85,95,75,95,90,95,95,95,95,95,95,95,95,75,80,65,65,85
QTQVFVFVLLWLSGV,70,75,75,95,95,90,80,90,80,80,90,90,80,75,85,80,75,80,85,90,85,80,70,90,80,65,80,90,80,70,70,60,90,95,95,85,80,90,70,95,90,90,90,90,90,95,90,95,95,65,70,55,55,75
TQVFVFVLLWLSGVD,70,70,70,95,95,85,75,80,70,65,80,85,75,55,70,70,75,75,75,85,80,75,65,80,80,60,75,85,75,65,65,49,85,90,90,75,75,85,65,90,85,85,90,90,85,90,90,90,90,55,65,41,50,65
QVFVFVLLWLSGVDG,48,55,60,95,95,75,55,65,48,55,65,70,60,41,55,48,65,65,65,75,70,60,55,75,65,43,65,80,65,55,44,39,80,85,85,70,65,75,60,85,80,75,80,85,70,85,80,80,85,42,55,34,40,55
VFVFVLLWLSGVDGD,44,49,55,90,90,65,55,55,40,45,55,65,55,35,49,40,65,65,65,70,70,60,55,70,65,41,65,75,65,55,42,38,75,80,85,70,65,75,60,80,75,75,80,80,65,80,75,70,80,41,55,33,39,49
FVFVLLWLSGVDGDI,38,44,46,85,80,55,45,45,35,36,45,50,42,30,42,35,50,48,60,65,55,55,49,65,43,36,65,75,60,55,38,35,75,70,75,65,65,65,55,75,75,65,70,75,55,75,75,55,70,37,46,32,36,40
VFVLLWLSGVDGDIQ,36,40,45,80,70,47,43,40,32,33,40,46,39,28,39,32,47,44,60,60,55,55,49,60,37,35,65,70,60,55,37,36,70,65,70,65,65,60,60,75,70,60,70,70,49,70,70,47,65,36,44,33,37,37
FVLLWLSGVDGDIQM,36,43,45,65,65,44,44,39,34,32,39,45,38,30,38,34,44,41,60,60,55,55,55,60,33,37,65,70,65,60,39,41,70,65,65,65,65,60,60,70,70,55,70,70,46,70,70,44,60,39,44,36,40,37
VLLWLSGVDGDIQMT,42,55,55,60,65,47,55,46,41,39,46,50,45,39,47,41,48,45,65,70,60,65,65,65,35,45,70,75,75,65,47,55,75,65,70,75,70,65,70,75,75,60,75,75,55,70,75,49,65,48,55,46,55,43
LLWLSGVDGDIQMTQ,55,65,65,42,60,55,70,60,60,55,60,60,55,65,65,60,60,55,75,80,70,80,80,75,42,60,80,85,85,80,65,70,85,75,75,85,80,75,80,85,85,75,75,80,65,80,85,60,70,70,65,65,70,55
LWLSGVDGDIQMTQS,75,85,85,37,65,75,90,85,80,75,85,75,75,85,85,80,75,75,90,90,85,95,95,85,60,80,95,95,95,95,85,90,95,85,90,95,95,90,95,90,95,85,85,90,80,90,90,75,80,85,80,85,90,75
WLSGVDGDIQMTQSP,90,95,95,43,80,90,95,95,95,90,95,90,90,95,95,95,90,90,95,95,95,95,95,95,80,95,95,95,95,95,95,95,95,95,95,95,95,95,95,95,95,95,95,95,90,95,95,90,90,95,95,95,95,90
LSGVDGDIQMTQSPS,95,95,95,46,85,95,95,95,95,95,95,90,90,95,95,95,95,95,95,95,95,95,95,95,95,95,95,95,95,95,95,95,95,95,95,95,95,95,95,95,95,95,95,95,95,95,95,95,95,95,95,95,95,95
SGVDGDIQMTQSPSS,75,85,90,60,85,36,75,45,55,65,45,34,35,80,75,55,75,85,90,75,75,85,90,85,75,70,90,90,85,85,90,90,90,75,90,95,90,85,95,90,90,85,65,65,75,75,80,70,60,90,85,85,90,85
GVDGDIQMTQSPSSL,40,60,65,55,65,9.5,46,13,19,28,13,10,10,55,44,19,48,65,75,41,45,65,75,65,42,36,75,70,70,70,80,80,70,40,70,85,75,65,80,70,70,55,33,32,45,37,47,39,25,70,60,65,70,55
VDGDIQMTQSPSSLS,30,46,55,55,60,5.5,34,6.5,11,19,6.5,5.5,5.5,43,33,11,40,55,65,29,36,55,70,55,31,25,65,60,60,60,75,75,60,33,60,75,65,55,75,60,60,42,25,22,34,25,36,30,18,65,47,60,65,43
DGDIQMTQSPSSLSV,20,37,40,46,49,3.5,26,4,7.5,14,4,3.5,3.5,36,25,7.5,28,38,60,22,27,45,65,43,20,19,60,50,55,55,65,70,50,26,48,70,60,40,70,48,50,32,18,16,25,19,27,21,12,55,36,50,55,32
GDIQMTQSPSSLSVS,16,32,35,43,45,3,21,3,5.5,11,3,3,3,31,20,5.5,23,33,55,16,23,39,60,36,17,15,55,44,48,46,60,65,44,24,43,65,55,35,65,42,44,27,16,13,21,15,22,19,11,48,32,46,50,27
DIQMTQSPSSLSVSV,19,38,39,55,55,5,27,5.5,9,17,5.5,5,5,39,27,9,25,35,60,21,29,44,65,42,18,19,60,55,55,55,65,75,55,30,50,70,60,42,70,49,55,34,22,19,28,22,28,24,15,55,37,55,60,33
IQMTQSPSSLSVSVG,24,46,44,70,70,10,37,14,18,27,14,12,12,55,44,18,29,42,70,33,43,55,70,55,21,27,65,60,60,60,70,80,60,42,60,75,65,55,75,60,60,48,34,29,47,37,42,38,25,65,47,65,65,41
QMTQSPSSLSVSVGD,49,75,70,90,95,37,75,55,60,65,55,38,38,80,80,60,55,70,90,75,80,80,90,85,43,60,85,80,80,80,90,95,80,70,85,90,85,85,90,80,80,80,70,65,80,75,75,75,65,85,75,85,85,70
MTQSPSSLSVSVGDR,75,85,90,95,95,75,90,80,80,85,80,75,75,90,90,80,75,85,95,90,90,90,90,95,70,80,95,90,90,90,95,95,90,90,95,95,95,95,95,90,90,90,90,85,90,85,90,90,85,95,95,95,95,90
TQSPSSLSVSVGDRV,70,75,70,46,65,80,80,70,80,80,70,75,80,85,80,80,38,40,90,80,55,85,85,70,50,80,90,60,80,85,70,90,60,18,60,65,90,65,90,60,60,55,55,60,55,60,65,48,60,75,60,80,95,85
QSPSSLSVSVGDRVT,60,65,55,29,47,70,70,60,65,75,60,65,70,75,70,65,29,28,80,70,41,75,75,55,40,75,80,43,70,75,60,80,43,11,42,55,80,46,80,40,43,38,36,39,41,39,44,36,41,60,45,70,90,75
SPSSLSVSVGDRVTI,46,55,39,15,29,60,55,42,55,70,42,55,60,65,55,55,19,16,70,60,26,60,65,39,29,70,65,28,55,60,40,70,28,6,28,38,65,30,70,24,28,21,24,25,25,23,27,22,27,45,30,55,80,65
PSSLSVSVGDRVTIT,43,47,34,12,23,60,48,39,49,70,39,48,55,65,55,49,18,15,65,55,24,55,60,35,28,70,60,23,48,55,37,65,23,5.5,25,34,60,28,65,20,23,18,21,21,22,18,22,20,24,41,28,50,75,60
SSLSVSVGDRVTITC,44,47,35,12,24,60,49,40,50,70,40,50,60,65,55,50,19,15,65,55,24,55,60,36,29,70,60,23,48,55,36,65,23,6,27,34,60,29,65,20,23,20,22,22,23,19,22,22,25,41,29,50,75,60
SLSVSVGDRVTITCK,55,55,42,14,28,65,60,47,60,75,47,60,65,70,60,60,26,21,65,55,32,55,60,41,38,80,60,27,50,55,42,65,27,9.5,33,38,60,37,65,24,27,26,29,27,31,23,26,31,32,47,38,55,80,65
LSVSVGDRVTITCKA,70,65,60,22,37,75,70,60,70,85,60,65,75,80,70,70,44,38,65,55,45,60,65,55,55,85,60,39,55,60,60,70,39,26,50,55,60,55,65,38,39,44,44,38,48,37,38,55,47,65,65,70,80,75
SVSVGDRVTITCKAS,80,80,85,39,60,80,75,70,75,90,70,75,80,85,80,75,75,75,65,55,70,60,70,65,80,85,65,55,65,65,80,75,55,65,75,70,65,75,70,60,55,65,70,55,70,55,60,75,65,85,90,85,80,85
VSVGDRVTITCKASQ,80,80,85,55,75,80,75,65,70,85,65,75,80,80,75,70,75,80,55,43,70,50,65,65,80,85,55,60,60,60,80,75,60,75,75,70,55,75,60,60,60,70,70,55,70,55,60,80,70,85,90,85,75,85
SVGDRVTITCKASQN,85,80,90,75,90,80,75,65,70,85,65,75,80,75,75,70,75,80,50,38,75,44,60,65,80,85,45,60,55,55,85,75,60,85,80,75,45,75,55,65,60,75,80,60,80,60,60,85,75,85,95,90,75,85
VGDRVTITCKASQNV,75,70,75,70,85,70,65,55,60,80,55,65,70,70,65,60,65,70,40,29,65,35,49,55,70,75,36,45,47,45,75,65,45,60,70,60,36,65,48,47,45,65,65,44,70,46,46,80,65,80,85,80,70,75
GDRVTITCKASQNVR,65,65,70,60,75,65,60,49,60,75,49,60,65,70,65,60,60,65,38,26,60,32,45,47,65,75,33,35,39,39,65,60,35,47,60,55,33,55,45,36,35,55,60,38,60,36,37,70,60,75,80,75,65,75
DRVTITCKASQNVRT,47,55,55,55,60,50,50,42,49,70,42,44,55,65,55,49,41,47,41,28,46,33,45,44,48,65,35,32,37,38,60,60,32,32,46,46,35,45,46,32,32,44,37,29,49,28,30,55,35,65,65,65,65,60
RVTITCKASQNVRTV,29,45,37,41,43,33,38,29,38,55,29,31,36,55,46,38,26,31,38,24,33,29,40,37,32,46,33,26,33,34,50,55,26,20,32,39,33,32,42,25,26,30,23,19,38,18,22,36,21,55,46,50,55,42
VTITCKASQNVRTVV,22,45,31,36,31,27,36,25,35,47,25,25,30,60,45,35,20,25,55,32,29,43,55,42,26,41,44,28,39,42,50,65,28,16,28,42,44,28,55,27,28,30,18,16,37,17,22,28,15,47,38,49,55,34
TITCKASQNVRTVVA,20,42,27,34,28,25,34,23,33,45,23,22,27,55,43,33,19,24,55,32,25,47,60,39,25,38,46,27,41,42,55,65,27,15,26,42,46,26,55,28,27,30,15,14,37,16,22,27,13,46,37,49,55,31
ITCKASQNVRTVVAW,23,45,30,36,31,28,36,26,35,48,26,25,30,60,45,35,22,28,55,31,27,45,60,38,28,39,47,29,42,44,55,70,29,17,29,43,47,30,55,31,29,31,17,15,37,18,23,31,15,55,41,55,60,35
TCKASQNVRTVVAWY,30,48,39,44,37,34,43,30,37,50,30,31,34,55,46,37,24,30,46,27,24,43,55,33,29,42,55,33,45,48,42,60,33,21,35,46,55,35,60,34,33,31,21,15,35,20,25,33,21,55,43,55,60,39
CKASQNVRTVVAWYQ,39,43,45,55,48,39,40,28,29,41,28,34,33,40,37,29,24,28,30,17,17,30,38,23,27,34,45,31,44,42,27,43,31,28,42,42,45,36,49,34,31,27,28,15,25,24,28,36,30,37,39,40,47,38
KASQNVRTVVAWYQQ,41,39,47,60,55,36,35,23,22,33,23,32,29,30,28,22,26,30,22,13,17,22,31,18,28,28,38,29,42,38,22,36,29,32,43,38,38,35,43,34,29,27,32,16,22,24,27,39,34,29,36,32,39,35
ASQNVRTVVAWYQQK,37,34,45,60,60,33,31,20,18,28,20,29,26,24,23,18,25,28,17,10,17,17,24,14,27,24,30,27,38,33,19,30,27,41,41,31,30,33,35,32,27,27,33,18,23,24,27,40,37,23,33,26,32,30
SQNVRTVVAWYQQKP,40,36,47,60,65,34,32,21,19,29,21,31,28,24,22,19,28,31,17,11,20,17,23,16,30,26,31,29,37,33,21,29,29,48,41,30,31,34,33,34,29,29,37,22,24,27,29,43,42,21,33,24,30,31
QNVRTVVAWYQQKPG,45,39,55,60,70,41,35,26,24,34,26,38,35,25,24,24,33,37,20,14,25,19,23,19,35,30,33,32,35,33,24,28,32,55,44,30,33,39,33,34,32,34,44,27,29,31,32,49,48,21,37,24,30,34
NVRTVVAWYQQKPGL,55,41,55,60,75,55,39,36,33,43,36,50,48,29,29,33,43,45,24,20,37,22,22,26,40,39,35,34,32,32,31,28,34,65,48,28,35,46,33,34,34,37,55,38,34,39,38,60,60,18,40,21,28,39
VRTVVAWYQQKPGLA,31,31,30,65,75,48,38,48,45,49,48,55,55,35,37,45,43,45,27,31,55,24,20,36,27,32,33,36,25,28,40,26,36,70,42,28,33,48,28,34,36,46,60,55,43,46,46,65,60,18,42,21,21,30
RTVVAWYQQKPGLAP,22,29,23,70,75,41,38,55,55,48,55,55,49,42,46,55,47,55,33,40,70,31,26,49,25,26,31,41,26,30,55,32,41,75,45,31,31,55,28,37,41,55,60,65,55,55,55,65,60,21,44,23,19,26
TVVAWYQQKPGLAPK,16,24,19,80,70,33,36,55,50,46,55,45,42,45,50,50,47,55,34,38,70,34,30,55,23,21,27,44,27,30,60,35,44,75,45,37,27,50,28,40,44,60,60,65,60,55,55,70,55,27,45,27,17,23
VVAWYQQKPGLAPKT,15,23,17,85,75,31,36,55,55,47,55,43,39,50,55,55,47,55,35,39,75,36,33,60,23,19,27,47,29,30,65,40,47,75,48,43,27,55,28,43,47,65,60,65,65,60,60,70,55,35,49,32,16,22
VAWYQQKPGLAPKTL,16,29,21,90,80,34,43,65,60,55,65,46,42,60,65,60,55,65,45,45,85,47,45,75,27,22,33,60,37,38,75,55,60,80,60,60,33,65,35,55,60,75,65,70,80,65,70,75,60,55,60,47,22,27
AWYQQKPGLAPKTLI,22,38,28,95,85,45,60,70,70,65,70,60,55,75,75,70,60,70,60,55,85,60,60,85,34,31,43,70,50,50,85,65,70,85,70,70,43,75,46,70,70,80,75,75,85,75,80,85,70,70,70,60,31,38
WYQQKPGLAPKTLIY,35,55,40,95,90,65,70,80,80,80,80,75,70,85,85,80,65,70,70,70,85,70,70,85,44,48,60,70,60,60,80,70,70,85,80,75,60,80,65,70,70,85,80,80,85,80,80,85,80,80,80,75,45,55
YQQKPGLAPKTLIYL,55,60,60,85,90,85,75,85,80,85,85,85,85,80,85,80,60,65,70,75,75,70,70,70,55,70,70,60,65,70,55,70,60,75,75,65,70,80,75,60,60,75,85,75,75,75,75,85,80,70,75,75,65,70
QQKPGLAPKTLIYLA,60,55,55,80,90,85,65,75,75,85,75,80,85,75,75,75,55,60,60,65,65,55,60,55,55,70,65,49,60,65,40,55,49,70,70,55,65,70,65,48,49,70,80,65,70,70,65,80,80,60,70,65,65,65
QKPGLAPKTLIYLAS,55,44,55,80,90,75,55,60,60,70,60,75,75,60,60,60,55,60,49,47,60,42,47,45,49,55,55,45,55,55,31,43,45,70,70,47,55,65,55,46,45,65,75,60,65,60,60,75,75,50,65,55,55,60
KPGLAPKTLIYLASN,50,41,55,80,90,70,55,55,55,65,55,70,70,55,55,55,55,60,42,41,55,37,41,41,50,45,49,46,49,50,30,38,46,70,70,47,49,65,50,48,46,60,75,60,60,60,60,75,75,47,65,50,49,55
PGLAPKTLIYLASNR,39,26,42,75,85,44,27,28,28,37,28,44,43,24,22,28,48,47,23,24,43,21,22,27,44,28,30,33,28,27,25,24,33,65,55,28,30,45,30,38,33,37,65,46,38,39,40,60,65,24,49,25,29,34
GLAPKTLIYLASNRH,7.5,4.5,10,34,42,3,1.5,1.7,1.2,1.7,1.7,6.5,4.5,0.6,0.6,1.2,15,11,3.5,5.5,9.5,5.5,6.5,5,21,6.5,6.5,6,9,8.5,6.5,7.5,6,21,4,5.5,6.5,3,7,7.5,6,2.5,12,14,3.5,5.5,5.5,13,15,1.7,11,3,6.5,6
LAPKTLIYLASNRHT,1.6,0.8,2.5,16,18,0.4,0.09,0.15,0.12,0.3,0.15,1.3,0.8,0.05,0.04,0.12,5,2.5,0.8,1,3,1.9,2.5,1.3,6.5,2,1.6,1.2,3.5,3.5,2.5,3,1.2,7,0.7,1.6,1.6,0.5,2.5,1.3,1.2,0.4,2.5,3.5,0.7,0.8,1,4.5,4,0.15,2.5,0.4,1.8,1.4
APKTLIYLASNRHTG,0.9,0.4,1.3,14,15,0.25,0.04,0.06,0.04,0.25,0.06,0.9,0.5,0.03,0.03,0.04,5,2.5,0.4,0.3,3,1.1,1.8,1.1,5.5,1.4,0.8,0.6,2.5,2.5,2.5,2.5,0.6,6.5,0.5,1.2,0.8,0.4,1.5,0.7,0.6,0.3,1.5,1.8,0.7,0.5,0.5,4,3,0.1,1.9,0.2,1.1,0.8
PKTLIYLASNRHTGV,0.5,0.2,0.7,9.5,9.5,0.12,0.01,0.03,0.02,0.12,0.03,0.5,0.25,0.02,0.01,0.02,3.5,1.4,0.25,0.15,1.5,0.7,1.3,0.7,4,0.9,0.5,0.3,1.5,1.5,1.1,1.7,0.3,3,0.25,0.7,0.5,0.2,0.9,0.4,0.3,0.12,0.7,0.8,0.3,0.17,0.25,2.5,1.2,0.04,1,0.07,0.6,0.5
KTLIYLASNRHTGVP,0.6,0.25,0.8,9.5,9.5,0.15,0.01,0.03,0.02,0.15,0.03,0.5,0.3,0.02,0.01,0.02,4,1.7,0.25,0.15,1.6,0.7,1.3,0.8,4.5,0.9,0.5,0.4,1.5,1.6,1.2,1.7,0.4,3,0.3,0.7,0.5,0.25,0.9,0.4,0.4,0.17,0.7,0.8,0.4,0.25,0.25,2.5,1.3,0.05,1.1,0.08,0.6,0.5
TLIYLASNRHTGVPS,1.2,0.8,1.8,14,11,0.6,0.09,0.17,0.12,0.6,0.17,1.5,0.9,0.15,0.12,0.12,6.5,3.5,0.7,0.5,3.5,1.5,2.5,2.5,7,2.5,1,0.8,3,3,3.5,3.5,0.8,3.5,0.8,1.6,1,0.7,1.8,0.8,0.8,0.7,1.5,1.4,1.8,0.7,0.8,4,2.5,0.17,2.5,0.4,1.4,1.2
LIYLASNRHTGVPSR,3.5,3.5,5,18,13,3.5,0.9,1.6,1.1,4.5,1.6,5,4.5,2,1.7,1.1,11,6.5,2.5,1.8,8,4,7,7.5,12,7,2.5,2,5.5,5.5,9.5,8,2,4,1.9,4.5,2.5,2,4.5,2,2,4,3.5,3,8,2.5,3,8.5,5,1.2,6.5,2.5,4.5,4.5
IYLASNRHTGVPSRF,24,37,24,41,24,32,21,33,37,55,33,33,35,55,49,37,32,28,23,16,37,24,31,45,33,45,11,16,18,19,60,41,16,10,17,27,11,23,18,15,16,39,16,14,55,21,23,32,17,32,34,33,25,31
YLASNRHTGVPSRFS,65,75,60,75,55,75,65,75,80,90,75,70,75,85,85,80,65,70,70,65,70,65,70,75,65,75,43,49,46,50,85,75,49,25,60,65,43,65,50,50,49,75,47,44,80,55,60,65,48,80,70,75,60,75
LASNRHTGVPSRFSG,80,85,80,95,90,90,80,90,90,95,90,90,85,90,95,90,80,85,85,80,90,80,80,90,75,85,80,75,70,70,95,85,75,65,90,85,80,90,80,75,75,90,85,75,90,85,85,90,85,90,90,85,75,85
ASNRHTGVPSRFSGS,80,85,85,95,95,90,90,90,90,95,90,90,90,90,95,90,85,90,85,85,95,80,85,95,75,85,80,85,75,75,95,90,85,95,95,90,80,95,80,85,85,95,95,90,95,90,90,95,95,90,95,90,75,90
SNRHTGVPSRFSGSG,85,85,90,95,95,95,90,95,90,95,95,95,95,95,95,90,90,95,90,85,95,85,85,95,80,85,80,90,75,75,95,90,90,95,95,95,80,95,80,90,90,95,95,90,95,95,90,95,95,95,95,90,75,90
NRHTGVPSRFSGSGS,85,90,90,95,95,95,95,95,95,95,95,95,95,95,95,95,90,95,90,90,95,85,85,95,80,90,85,90,80,80,95,90,90,95,95,95,85,95,85,95,90,95,95,95,95,95,95,95,95,95,95,90,80,90
RHTGVPSRFSGSGSG,90,90,90,95,95,95,95,95,95,95,95,95,95,95,95,95,90,95,95,90,95,85,90,95,85,90,85,95,85,80,95,95,95,95,95,95,85,95,90,95,95,95,95,95,95,95,95,95,95,95,95,95,80,95
HTGVPSRFSGSGSGT,95,95,95,95,95,95,95,95,95,95,95,95,95,95,95,95,95,95,95,95,95,90,95,95,85,95,95,95,95,90,95,95,95,95,95,95,95,95,95,95,95,95,95,95,95,95,95,95,95,95,95,95,90,95
TGVPSRFSGSGSGTD,95,95,95,95,95,95,95,95,95,95,95,95,95,95,95,95,95,95,95,95,95,95,95,95,85,95,95,95,95,95,95,95,95,95,95,95,95,95,95,95,95,95,95,95,95,95,95,95,95,95,95,95,90,95
GVPSRFSGSGSGTDF,90,95,95,95,95,85,95,95,95,90,95,90,90,95,95,95,85,95,95,95,95,95,95,95,70,85,95,95,95,95,95,95,95,95,95,95,95,95,95,95,95,95,95,95,95,95,95,95,95,95,95,95,85,90
VPSRFSGSGSGTDFT,90,95,90,95,95,80,95,95,95,90,95,85,85,95,95,95,80,95,95,95,95,95,95,95,70,85,95,95,95,95,95,95,95,95,95,95,95,95,95,95,95,95,95,95,95,95,95,95,95,95,95,95,85,90
PSRFSGSGSGTDFTF,90,95,95,95,95,75,95,95,95,80,95,85,80,95,95,95,80,90,95,95,95,95,95,95,65,80,95,95,95,95,95,95,95,95,95,95,95,95,95,95,95,95,95,95,95,95,95,95,95,95,95,95,90,90
SRFSGSGSGTDFTFT,90,95,95,95,95,80,95,95,95,80,95,85,80,95,95,95,80,90,95,95,95,95,95,95,65,80,95,95,95,95,95,95,95,95,95,95,95,95,95,95,95,95,95,95,95,95,95,95,95,95,95,95,90,90
RFSGSGSGTDFTFTI,95,95,95,95,95,85,95,95,95,90,95,90,90,95,95,95,85,95,95,95,95,95,95,95,75,85,95,95,95,95,95,95,95,95,95,95,95,95,95,95,95,95,95,95,95,95,95,95,95,95,95,95,95,95
FSGSGSGTDFTFTIS,95,95,95,95,95,95,95,95,95,95,95,95,95,95,95,95,95,95,95,95,95,95,95,95,90,95,95,95,95,95,95,95,95,95,95,95,95,95,95,95,95,95,95,95,95,95,95,95,95,95,95,95,95,95
SGSGSGTDFTFTISS,95,95,95,95,95,95,95,95,95,95,95,95,95,95,95,95,95,95,95,95,95,95,95,95,95,95,95,95,95,95,95,95,95,95,95,95,95,95,95,95,95,95,95,95,95,95,95,95,95,95,95,95,95,95
GSGSGTDFTFTISSL,90,95,90,95,90,75,95,90,85,70,90,70,70,85,85,85,70,80,90,90,90,90,90,95,65,75,95,95,95,95,90,90,95,90,95,95,95,90,95,95,95,95,90,90,95,95,95,80,85,85,75,80,80,80
SGSGTDFTFTISSLQ,55,75,70,95,80,24,65,55,55,19,55,26,24,55,55,55,22,39,70,70,70,80,80,85,29,33,70,90,85,80,80,80,90,80,70,85,70,65,70,90,90,80,75,75,80,85,85,55,60,70,45,55,47,35
GSGTDFTFTISSLQP,42,70,60,90,75,14,55,38,38,11,38,17,15,38,37,38,18,34,60,55,60,70,70,75,24,21,60,85,75,70,75,75,85,75,65,80,60,55,60,90,85,70,65,65,70,75,80,42,49,65,39,49,37,27
SGTDFTFTISSLQPE,38,65,55,85,60,10,47,29,30,7.5,29,12,11,30,25,30,17,29,50,43,45,65,65,65,21,16,55,80,70,65,70,70,80,65,49,75,55,44,55,85,80,55,48,55,50,65,70,23,37,60,35,47,33,23
GTDFTFTISSLQPED,40,65,60,85,60,10,55,30,31,8,30,12,12,31,26,31,20,33,55,45,46,65,65,65,24,17,60,80,75,65,70,70,80,70,55,80,60,47,60,85,80,55,49,55,48,65,70,25,38,65,39,55,37,26
TDFTFTISSLQPEDI,35,55,49,75,55,11,48,27,28,7.5,27,12,11,27,23,28,18,26,49,41,37,60,60,49,20,15,60,75,70,65,47,65,75,55,43,70,60,39,60,75,75,40,41,44,32,55,60,19,32,65,35,55,38,26
DFTFTISSLQPEDIA,26,40,42,70,49,13,47,26,26,8.5,26,14,13,26,21,26,18,23,48,41,31,60,60,39,19,13,60,65,70,65,34,60,65,46,40,60,60,35,60,65,65,32,36,41,23,47,55,18,30,60,35,55,43,27
FTFTISSLQPEDIAT,23,36,40,65,55,18,46,27,26,11,27,19,17,26,21,26,20,24,48,42,30,55,55,36,19,15,60,65,70,65,29,60,65,45,42,60,60,36,60,60,65,29,36,40,21,43,48,20,31,60,38,55,48,31
TFTISSLQPEDIATY,25,37,43,60,55,35,55,38,35,23,38,32,30,37,33,35,30,32,60,60,36,65,65,39,25,23,75,65,75,70,28,65,65,47,50,60,75,44,70,65,65,35,43,48,26,49,55,28,40,60,45,60,65,42
FTISSLQPEDIATYF,30,41,49,47,60,46,60,47,43,37,47,45,42,46,42,43,42,43,75,70,43,70,70,43,33,31,80,70,80,80,31,70,70,55,60,65,80,55,80,65,70,45,55,60,32,60,60,38,55,65,55,70,75,55
TISSLQPEDIATYFC,46,60,70,55,70,65,80,65,65,65,65,65,60,70,70,65,60,65,85,85,60,85,85,60,55,55,90,80,90,90,48,80,80,65,75,80,90,75,95,80,80,65,70,75,55,75,75,60,70,75,70,80,90,70
ISSLQPEDIATYFCQ,65,75,80,55,75,70,85,75,75,75,75,75,70,85,85,75,75,75,90,85,70,90,90,75,70,70,95,85,95,95,65,85,85,75,85,90,95,85,95,85,85,80,75,80,70,85,85,70,80,85,80,85,95,80
SSLQPEDIATYFCQQ,90,90,95,65,80,80,95,85,85,80,85,80,80,85,85,85,90,90,95,90,85,95,95,85,85,85,95,95,95,95,80,90,95,85,90,95,95,90,95,95,95,90,85,90,80,90,90,80,85,90,85,90,90,90
SLQPEDIATYFCQQH,95,90,95,75,85,85,90,85,85,80,85,85,85,75,80,85,85,90,85,90,85,90,85,80,85,85,95,90,95,95,80,80,90,90,90,90,95,90,90,95,90,85,90,90,80,90,90,85,90,75,85,75,85,85
LQPEDIATYFCQQHW,95,85,95,85,90,85,85,85,80,75,85,90,85,65,70,80,85,85,80,90,90,85,75,80,80,85,90,90,85,85,75,70,90,95,90,80,90,90,80,90,90,85,95,95,80,90,90,85,90,65,80,60,75,80
QPEDIATYFCQQHWS,90,80,90,95,95,85,80,80,80,70,80,90,85,60,65,80,80,85,75,85,90,80,65,75,75,80,80,85,75,75,70,60,85,95,90,70,80,85,70,85,85,80,95,95,80,90,90,90,95,55,75,50,65,75
PEDIATYFCQQHWSY,75,70,70,85,80,75,70,75,70,60,75,80,75,46,55,70,65,65,65,80,85,70,55,70,60,65,65,75,60,60,60,43,75,90,70,60,65,70,49,75,75,70,85,90,70,80,80,75,85,45,60,36,42,55
EDIATYFCQQHWSYP,70,65,65,85,70,65,65,70,65,49,70,70,70,43,49,65,60,60,60,75,85,65,50,70,50,60,60,70,55,55,60,40,70,85,65,55,60,65,44,75,70,65,75,85,65,75,75,70,80,43,55,33,34,47
DIATYFCQQHWSYPL,41,41,28,80,47,43,46,60,55,34,60,50,47,36,39,55,26,26,55,70,75,60,41,60,23,38,46,60,41,44,48,30,60,65,43,41,46,47,34,60,60,55,55,75,60,65,65,46,55,25,25,18,21,25
IATYFCQQHWSYPLT,32,33,22,75,42,36,40,50,50,30,50,42,41,37,37,50,20,20,48,65,70,55,39,60,18,31,42,55,37,39,47,27,55,60,38,38,42,42,30,55,55,55,48,70,60,65,65,42,47,19,19,14,17,19
ATYFCQQHWSYPLTF,27,28,16,75,37,33,37,49,55,28,49,39,38,37,38,55,14,14,50,65,65,60,43,65,13,27,41,55,36,38,46,30,55,49,33,36,41,39,30,55,55,55,43,70,60,65,60,35,43,17,15,11,15,15
TYFCQQHWSYPLTFG,28,30,18,80,43,37,40,55,55,32,55,42,42,41,42,55,15,16,55,70,70,60,47,65,13,30,43,55,39,42,49,34,55,55,36,41,43,43,34,60,55,60,49,70,65,65,65,40,47,18,17,13,16,16
YFCQQHWSYPLTFGQ,33,35,22,85,55,42,47,60,60,38,60,46,46,46,47,60,17,20,60,70,70,65,49,70,15,33,49,60,45,47,55,40,60,55,44,47,49,50,40,60,60,65,60,75,70,70,70,47,55,21,20,15,21,20
FCQQHWSYPLTFGQG,46,49,37,90,75,60,65,70,75,60,70,60,60,65,65,75,26,33,65,75,80,75,60,75,23,45,65,70,60,60,70,60,70,70,65,60,65,70,55,75,70,75,75,80,80,80,80,65,70,33,32,27,35,33
CQQHWSYPLTFGQGT,65,70,65,95,90,70,85,85,85,70,85,75,70,75,80,85,44,55,75,85,90,80,70,90,35,55,75,85,75,75,80,75,85,85,85,80,75,85,70,85,85,90,90,90,90,90,90,80,85,60,55,49,55,55
QQHWSYPLTFGQGTK,70,80,80,95,95,70,85,85,85,75,85,75,70,80,85,85,60,70,80,85,95,80,75,90,45,55,75,90,80,75,90,80,90,95,90,90,75,90,70,90,90,90,90,95,95,95,95,85,90,80,80,70,55,65
QHWSYPLTFGQGTKV,38,60,41,95,85,65,75,80,75,70,80,70,65,80,80,75,28,38,75,80,90,75,70,85,18,49,70,75,70,70,80,75,75,55,75,80,70,75,70,75,75,80,75,80,85,80,80,70,70,65,55,60,49,49
HWSYPLTFGQGTKVE,27,50,31,95,85,65,70,75,75,75,75,70,65,80,80,75,24,34,75,75,85,70,70,85,14,50,70,70,70,70,75,75,70,46,75,75,70,75,70,70,70,75,70,75,85,75,75,70,65,55,47,55,55,47
WSYPLTFGQGTKVEV,19,40,20,90,80,65,60,70,70,70,70,65,65,80,75,70,18,25,75,70,80,70,70,80,9.5,49,65,60,60,65,70,70,60,35,60,65,65,65,65,60,60,70,60,65,75,70,70,60,55,43,38,45,55,39
SYPLTFGQGTKVEVK,16,35,16,85,70,60,55,70,65,70,70,65,65,75,75,65,17,23,70,65,75,65,70,75,9,50,60,55,55,60,65,70,55,32,55,60,60,55,60,55,55,65,55,60,75,65,60,55,50,38,36,42,55,37
YPLTFGQGTKVEVKR,19,37,20,80,75,65,60,70,70,75,70,70,70,75,75,70,20,26,65,65,75,65,65,75,11,55,55,55,55,55,70,70,55,37,55,60,55,55,55,55,55,65,60,60,75,60,60,60,55,42,41,46,55,42
PLTFGQGTKVEVKR,24,39,23,80,70,65,60,70,70,75,70,65,65,75,75,70,27,36,70,70,75,65,70,75,17,60,55,55,50,55,75,70,55,42,55,60,55,60,55,55,55,65,55,65,75,60,60,60,55,55,50,55,55,50
MNFGLSLVFLVLILK,55,60,40,90,80,85,70,75,70,70,75,70,60,65,70,70,31,42,85,85,75,75,70,85,50,55,75,75,65,60,60,55,75,70,85,65,75,75,65,80,75,80,65,70,80,85,75,70,75,55,41,48,55,60
NFGLSLVFLVLILKG,60,65,55,95,90,90,70,80,75,75,80,80,70,65,75,75,41,55,80,85,80,75,65,85,65,60,70,80,65,55,65,55,80,80,90,65,70,80,60,85,80,85,75,80,85,85,75,80,85,65,55,60,60,70
FGLSLVFLVLILKGV,75,65,65,95,95,95,75,90,80,85,90,95,90,75,80,80,65,70,80,85,85,65,55,85,80,75,65,80,55,45,60,42,80,90,95,65,65,85,55,90,80,90,85,85,90,90,80,90,95,70,75,65,65,80
GLSLVFLVLILKGVO,75,55,70,90,95,95,65,80,70,85,80,95,90,60,75,70,80,75,55,65,75,36,27,60,90,75,38,48,31,24,36,20,48,90,90,40,38,75,33,65,48,75,85,75,80,75,55,90,95,60,80,55,55,80
LSLVFLVLILKGVOC,60,46,65,85,95,90,55,70,55,80,70,90,80,55,70,55,70,65,55,55,70,32,26,55,85,70,37,45,29,21,31,20,45,80,85,40,37,70,32,60,45,70,75,70,70,65,42,85,85,43,70,44,48,75
SLVFLVLILKGVOCE,55,38,60,75,90,80,45,55,42,65,55,80,70,41,55,42,70,60,41,45,55,25,21,43,80,60,33,39,26,19,26,18,39,75,75,35,33,60,30,49,39,55,65,60,55,55,35,75,80,36,65,39,43,65
LVFLVLILKGVOCEV,40,31,43,65,80,70,35,43,34,55,43,70,60,32,38,34,43,37,34,38,39,22,19,31,50,50,33,32,24,19,19,17,32,49,55,28,33,42,29,39,32,36,49,42,37,40,27,55,60,29,47,31,39,48
VFLVLILKGVOCEVQ,33,25,37,55,75,60,29,34,28,45,34,60,50,26,31,28,40,34,30,33,34,19,17,25,45,44,29,27,22,17,15,16,27,45,47,25,29,36,27,32,27,28,44,36,29,31,21,49,50,24,44,27,36,41
FLVLILKGVOCEVQL,30,22,34,49,70,55,26,30,25,42,30,55,47,22,27,25,35,30,29,31,30,18,17,22,40,41,28,24,23,17,13,16,24,41,42,23,28,32,27,29,24,23,41,33,24,28,20,44,46,21,40,24,36,37
LVLILKGVOCEVQLL,31,24,36,47,65,60,30,31,27,43,31,55,48,25,28,27,34,30,34,35,31,22,23,24,37,43,34,27,29,24,15,21,27,41,43,26,34,34,34,31,27,24,44,35,24,31,24,43,46,23,39,28,41,38
VLILKGVOCEVQLLE,38,34,45,49,65,60,40,40,36,49,40,60,55,34,36,36,38,36,49,48,41,39,42,34,39,50,55,42,48,49,25,41,42,48,55,42,55,42,55,45,42,33,55,45,32,43,40,49,55,33,47,40,55,45
LILKGVOCEVQLLES,50,50,60,50,75,65,55,50,49,60,50,65,65,44,45,49,44,45,60,60,55,55,55,46,44,60,65,55,65,65,37,55,55,60,60,55,65,55,65,60,55,44,65,60,44,55,55,60,65,47,60,55,65,60
ILKGVOCEVQLLESG,70,65,75,60,85,80,75,70,65,70,70,80,75,65,65,65,65,65,75,75,70,75,75,65,60,70,80,75,80,80,55,70,75,80,75,70,80,75,80,75,75,65,80,75,65,70,75,70,80,70,75,75,80,75
LKGVOCEVQLLESGG,85,85,95,70,90,85,90,80,80,80,80,90,85,75,75,80,85,90,85,85,85,85,85,80,85,80,90,90,90,90,75,80,90,95,90,90,90,90,90,90,90,80,95,90,75,85,85,90,90,90,90,90,90,85
KGVOCEVQLLESGGG,75,75,95,80,95,90,90,80,75,80,80,90,85,75,80,75,90,90,85,85,90,80,85,85,80,75,90,90,90,85,75,80,90,95,95,90,90,90,90,90,90,80,95,95,75,85,85,90,95,85,90,90,90,85
GVOCEVQLLESGGGL,49,60,85,90,95,80,75,65,55,75,65,85,75,60,70,55,80,75,75,70,85,70,75,80,65,60,80,85,80,75,65,70,85,90,90,85,80,90,80,85,85,80,90,90,75,80,85,90,90,70,80,75,75,75
VOCEVQLLESGGGLV,30,40,48,90,90,65,60,55,40,65,55,70,65,49,60,40,35,37,65,60,70,60,65,70,27,46,70,70,70,65,49,60,70,35,75,75,70,75,70,70,70,65,75,75,65,70,70,70,75,48,42,60,65,55
OCEVQLLESGGGLVQ,24,35,36,85,85,65,55,48,38,65,48,70,60,48,55,38,28,29,65,60,65,55,65,65,20,43,65,65,65,65,45,60,65,24,70,70,65,65,70,60,65,65,65,65,65,65,65,65,65,42,32,49,65,47
CEVQLLESGGGLVQP,24,36,36,85,85,65,55,50,41,65,50,70,65,55,60,41,31,31,65,60,65,55,65,70,21,45,65,65,65,65,48,60,65,24,70,70,65,65,70,65,65,65,65,65,65,65,70,65,65,44,33,49,65,49
EVQLLESGGGLVQPG,28,40,39,85,90,70,60,60,48,70,60,75,70,60,65,48,35,35,70,65,65,60,70,70,24,55,70,65,70,70,55,65,65,26,70,75,70,70,75,65,65,70,70,70,70,70,70,70,70,49,38,55,70,55
VQLLESGGGLVQPGG,36,55,44,90,90,80,70,75,70,85,75,80,80,80,80,70,38,40,80,75,75,75,85,80,28,70,80,70,80,80,65,80,70,30,75,80,80,75,85,70,70,75,75,75,80,80,80,75,75,60,44,65,80,65
QLLESGGGLVQPGGS,55,75,60,95,95,95,90,90,90,95,90,95,90,95,95,90,55,60,95,90,85,90,95,90,42,85,95,85,90,95,85,95,85,46,90,90,95,90,95,85,85,90,90,85,95,90,90,90,90,75,65,80,95,80
LLESGGGLVQPGGSL,75,85,80,95,95,95,95,95,95,95,95,95,95,95,95,95,80,85,95,95,95,95,95,95,70,95,95,95,95,95,95,95,95,80,95,95,95,95,95,95,95,95,95,95,95,95,95,95,95,90,85,90,95,95
LESGGGLVQPGGSLR,80,85,85,95,95,95,95,95,95,95,95,95,95,95,95,95,90,90,95,95,95,90,95,95,80,95,95,90,85,90,95,95,90,95,95,90,95,95,95,90,90,95,95,95,95,95,95,95,95,90,95,90,95,95
ESGGGLVQPGGSLRL,25,46,32,70,85,75,60,75,70,85,75,75,80,80,80,70,26,34,85,80,80,75,80,80,12,65,80,50,60,70,70,80,50,38,70,60,80,70,80,46,50,60,65,70,70,60,60,70,65,40,44,44,75,60
SGGGLVQPGGSLRLS,11,28,18,55,70,60,41,55,55,75,55,60,65,70,70,55,17,23,75,70,70,65,70,70,6,48,70,34,49,60,55,70,34,27,55,46,70,55,75,29,34,43,50,60,60,43,42,60,47,23,29,28,65,38
GGGLVQPGGSLRLSC,11,28,18,55,75,60,41,55,55,75,55,60,65,70,70,55,18,24,75,70,70,65,70,70,6.5,48,70,35,48,60,55,70,35,28,55,47,70,55,75,30,35,45,55,60,60,44,43,60,50,23,30,28,65,39
GGLVQPGGSLRLSCA,8.5,24,15,50,70,55,38,50,48,75,50,60,60,65,65,48,16,22,75,65,70,60,65,65,6,45,65,31,46,55,55,70,31,26,55,45,65,55,70,27,31,43,55,55,60,41,40,60,47,19,27,25,60,35
GLVQPGGSLRLSCAA,12,27,19,60,75,65,42,55,55,75,55,65,65,70,70,55,19,26,75,65,75,60,70,70,7.5,49,65,34,48,60,55,65,34,31,60,48,65,60,70,31,34,47,60,60,60,46,45,65,55,22,32,29,65,39
LVQPGGSLRLSCAAS,18,33,26,70,85,60,43,48,50,75,48,55,60,70,65,50,26,36,75,65,75,60,70,70,12,50,70,43,55,60,60,70,43,41,70,60,70,65,75,40,43,55,65,60,65,55,55,70,60,31,41,38,70,47
VQPGGSLRLSCAASG,19,36,27,75,80,21,31,20,26,50,20,19,20,60,55,26,35,45,70,41,60,50,65,70,19,31,60,47,48,48,70,70,47,29,70,70,60,65,70,44,47,55,43,36,65,39,48,60,33,55,49,55,60,50
QPGGSLRLSCAASGF,6,22,14,55,55,5.5,10,4.5,6,22,4.5,5.5,5.5,31,23,6,22,34,47,18,37,31,50,47,9,12,38,28,35,34,60,55,28,13,46,55,38,38,55,27,28,31,20,15,41,16,28,31,13,42,32,43,40,25
PGGSLRLSCAASGFA,3,13,7.5,40,39,3,4.5,1.6,2.5,14,1.6,2.5,3,21,14,2.5,16,24,36,9.5,26,22,41,34,5.5,6.5,27,19,29,27,48,47,19,9.5,35,45,27,27,44,18,19,20,12,8,29,9,18,22,7.5,31,23,33,29,16
GGSLRLSCAASGFAF,1.4,8.5,4.5,31,29,1.6,2.5,0.8,1.3,9,0.8,1.5,1.6,14,8.5,1.3,9.5,14,28,6.5,18,17,33,25,3,4,22,14,24,23,36,39,14,6.5,24,35,22,18,37,13,14,12,8,5,19,5,13,15,5,21,15,24,22,9.5
GSLRLSCAASGFAFS,1.8,9.5,5.5,36,33,2.5,3.5,1.3,2,12,1.3,2.5,2.5,17,11,2,10,14,29,8.5,19,19,35,26,3,4.5,24,17,26,24,36,39,17,8.5,26,36,24,20,38,15,17,15,10,6.5,22,7,15,17,6.5,24,16,25,23,12
SLRLSCAASGFAFST,4.5,14,10,47,45,6.5,8,4,5,20,4,6,6,26,18,5,13,18,37,15,27,26,40,34,4.5,8,33,25,33,31,40,44,25,14,35,44,33,28,45,23,25,25,17,12,32,13,22,25,12,32,22,32,29,17
LRLSCAASGFAFSTY,17,28,23,75,70,28,31,24,28,43,24,27,27,49,45,28,21,28,55,39,55,47,55,55,7.5,23,55,55,48,46,55,55,55,42,60,60,55,55,60,49,55,55,44,36,55,41,50,49,37,46,38,44,40,30
RLSCAASGFAFSTYD,38,55,50,90,90,60,70,70,70,70,70,60,60,75,75,70,33,45,75,70,80,75,75,80,15,42,75,80,75,70,70,70,80,80,85,80,75,80,75,80,80,80,80,75,80,80,80,75,70,65,55,60,60,48
LSCAASGFAFSTYDM,55,70,65,95,90,75,80,80,80,70,80,70,70,75,80,80,43,55,80,80,85,80,80,85,24,50,80,90,80,80,75,75,90,90,85,85,80,85,80,90,90,85,85,85,85,85,90,80,80,65,60,60,65,55
SCAASGFAFSTYDMS,65,70,65,90,75,55,75,70,70,43,70,50,55,60,60,70,47,55,75,80,80,80,75,85,29,45,75,90,80,80,75,70,90,85,75,85,75,75,75,90,90,75,80,80,75,80,85,55,70,60,55,55,55,47
CAASGFAFSTYDMSW,60,65,60,80,60,39,65,60,60,30,60,39,41,47,47,60,42,48,70,75,75,75,70,80,29,37,70,85,75,75,75,65,85,80,70,80,70,70,65,85,85,70,70,80,70,75,80,45,60,55,42,44,42,39
AASGFAFSTYDMSWV,47,55,46,70,41,27,55,44,45,19,44,26,28,36,34,45,28,31,60,65,60,70,60,70,20,27,60,75,70,70,65,55,75,65,55,70,60,55,55,80,75,60,60,65,55,65,75,31,42,38,23,30,33,26
ASGFAFSTYDMSWVR,40,48,39,36,22,20,43,36,37,15,36,19,21,29,27,37,24,26,55,60,50,60,55,60,18,21,55,70,60,60,60,50,70,60,44,60,55,45,47,70,70,45,41,55,44,55,65,23,31,31,17,25,28,21
SGFAFSTYDMSWVRQ,40,47,39,29,19,21,42,35,37,15,35,19,22,28,27,37,25,26,49,55,49,60,55,60,19,22,49,65,55,55,55,47,65,55,42,60,49,45,45,65,65,41,38,50,40,47,55,23,29,31,17,26,28,21
GFAFSTYDMSWVRQA,33,38,31,24,17,18,38,30,34,15,30,16,19,27,26,34,19,21,39,44,41,48,43,50,13,19,40,55,44,43,55,42,55,44,31,48,40,37,38,55,55,36,29,41,35,38,47,19,21,30,15,26,23,18
FAFSTYDMSWVRQAP,34,39,34,27,19,20,41,35,40,20,35,19,23,33,31,40,24,26,38,42,44,48,42,55,16,22,38,55,41,41,60,44,55,47,35,48,38,40,36,55,55,40,32,43,40,40,48,23,23,36,18,30,25,22
AFSTYDMSWVRQAPG,37,39,38,34,27,26,42,41,45,30,41,28,32,40,40,45,31,35,36,38,55,45,39,55,20,25,36,55,37,37,65,45,55,55,40,48,36,45,36,55,55,42,39,46,45,40,47,34,29,44,27,39,28,29
FSTYDMSWVRQAPGK,35,33,37,38,31,27,39,39,42,34,39,31,34,39,39,42,34,41,29,29,55,34,30,46,21,26,27,45,29,30,65,43,45,55,39,42,27,45,29,43,45,40,40,44,46,36,42,39,31,49,38,45,26,31
STYDMSWVRQAPGKG,40,38,44,65,55,38,45,48,49,47,48,44,45,47,50,49,49,60,34,31,70,33,32,55,31,34,29,47,29,31,70,49,47,70,49,47,29,55,33,44,47,55,55,55,60,44,47,60,45,60,65,60,33,43
TYDMSWVRQAPGKGL,26,26,26,75,65,37,34,45,44,49,45,46,44,45,47,44,37,41,28,26,65,24,27,46,22,30,21,35,23,24,65,43,35,60,42,36,21,49,26,30,35,47,49,47,60,40,41,60,45,55,55,50,28,38
YDMSWVRQAPGKGLE,26,29,27,80,75,48,38,55,50,65,55,60,55,55,60,50,41,43,33,31,70,27,30,55,25,39,23,37,25,26,65,48,37,65,55,40,23,60,29,31,37,55,60,55,65,48,46,70,60,55,60,55,34,44
DMSWVRQAPGKGLEW,23,30,26,85,80,60,42,65,60,75,65,65,60,65,70,60,41,43,41,39,80,33,38,65,26,45,24,38,27,29,70,55,38,70,55,44,24,65,32,33,38,65,65,60,75,60,55,75,65,55,65,55,38,48
MSWVRQAPGKGLEWV,19,25,21,85,80,55,39,65,60,75,65,65,60,70,75,60,34,36,42,39,80,32,38,65,21,42,21,34,25,27,65,55,34,65,55,42,21,60,31,30,34,65,60,60,75,60,55,75,65,49,60,50,36,44
SWVRQAPGKGLEWVA,27,35,29,90,90,70,55,75,75,85,75,80,70,80,85,75,46,48,60,60,85,48,55,75,29,55,31,48,36,39,75,65,48,75,70,55,31,75,40,42,48,80,75,70,85,75,70,85,75,60,70,60,47,60
WVRQAPGKGLEWVAT,42,49,44,95,95,85,70,85,85,90,85,90,85,90,95,85,60,60,70,75,90,65,70,85,40,70,48,65,55,55,80,75,65,85,80,70,48,85,60,60,65,85,85,85,90,85,80,95,90,70,80,70,65,70
VRQAPGKGLEWVATI,70,75,75,95,95,95,95,95,95,95,95,95,95,95,95,95,80,85,90,90,95,85,90,90,65,85,90,90,85,85,90,85,90,95,95,90,90,95,90,85,90,95,95,95,95,95,95,95,95,85,90,85,80,85
RQAPGKGLEWVATIS,80,80,85,95,95,85,90,85,85,85,85,90,90,85,90,85,85,90,85,85,90,85,80,90,70,75,90,90,90,85,85,85,90,95,95,95,90,95,90,95,90,95,95,95,90,90,95,90,95,85,90,80,80,80
QAPGKGLEWVATISS,60,65,70,95,90,41,65,45,43,44,45,41,34,65,65,43,50,65,65,42,55,60,70,70,45,40,70,80,75,70,75,75,80,80,80,85,70,75,75,85,80,75,70,65,70,75,75,70,65,70,70,65,65,55
APGKGLEWVATISSG,45,60,65,90,85,26,49,30,29,32,30,25,21,50,55,29,40,60,55,24,47,49,60,60,35,26,60,75,70,60,70,70,75,75,75,85,60,70,70,80,75,70,60,50,60,65,70,65,55,65,60,60,55,41
PGKGLEWVATISSGG,34,55,55,90,80,16,41,23,24,26,23,16,14,46,45,24,25,45,46,17,46,42,55,60,20,19,55,70,60,55,70,70,70,75,75,80,55,65,60,75,70,65,50,41,60,60,65,55,39,65,55,60,39,31
GKGLEWVATISSGGS,24,45,46,90,70,10,32,15,17,20,15,10,9,39,36,17,18,35,38,12,39,35,47,49,13,13,43,65,55,47,65,65,65,65,65,75,43,55,55,70,65,55,42,33,55,45,55,47,30,55,45,55,31,21
KGLEWVATISSGGSY,18,40,41,90,65,8,30,14,15,17,14,8.5,7.5,36,32,15,13,27,34,10,37,30,45,46,9,10,38,60,55,45,60,65,60,60,60,75,38,49,48,65,60,49,38,29,49,41,49,43,26,55,39,47,27,15
GLEWVATISSGGSYT,19,41,44,90,70,11,36,18,19,22,18,11,10,44,39,19,15,28,39,14,45,34,49,55,10,13,41,65,55,47,65,65,65,65,65,75,41,55,55,70,65,55,45,34,55,48,55,49,31,55,42,55,31,17
LEWVATISSGGSYTY,22,41,47,90,75,15,42,24,26,29,24,16,14,55,48,26,16,25,45,19,55,37,55,55,10,18,44,65,55,50,60,65,65,60,70,75,44,60,55,65,65,60,49,38,60,55,60,55,34,55,42,50,34,20
EWVATISSGGSYTYY,32,49,55,85,80,27,55,40,41,49,40,29,27,70,65,41,23,31,65,35,70,49,65,70,13,31,60,70,65,60,65,70,70,65,75,80,60,70,70,70,70,65,60,55,70,65,65,60,46,55,46,55,47,34
WVATISSGGSYTYYL,37,55,50,85,85,50,60,55,55,70,55,50,49,75,75,55,26,30,70,45,75,55,70,70,13,47,70,70,65,65,60,70,70,60,80,75,70,80,75,65,70,70,70,60,70,70,70,70,60,44,43,45,60,44
VATISSGGSYTYYLD,50,65,65,90,90,75,80,75,75,85,75,75,75,85,85,75,39,43,85,70,85,75,85,85,20,70,85,75,80,80,70,80,75,70,90,85,85,90,90,75,75,80,80,75,85,80,80,80,75,55,55,55,75,65
ATISSGGSYTYYLDS,65,75,75,90,95,85,85,85,85,90,85,80,85,90,90,85,50,55,90,90,90,90,90,90,28,80,90,85,85,90,75,85,85,80,90,90,90,95,90,85,85,90,90,90,90,90,90,85,85,65,65,60,80,75
TISSGGSYTYYLDSV,75,80,80,95,95,85,90,90,90,85,90,85,85,90,90,90,60,65,90,90,95,90,90,90,38,80,90,90,85,90,80,85,90,90,95,90,90,95,90,90,90,90,90,95,90,95,90,90,90,65,70,65,80,75
ISSGGSYTYYLDSVK,75,75,70,95,90,75,75,85,80,60,85,80,75,65,75,80,65,70,75,85,90,80,70,90,50,65,75,90,75,75,80,70,90,95,85,85,75,85,60,90,90,90,95,95,90,95,95,90,90,55,65,45,40,50
SSGGSYTYYLDSVKG,43,55,60,85,70,36,60,60,55,37,60,55,45,45,55,55,55,60,60,70,85,70,60,85,46,40,55,80,65,55,80,60,80,90,70,75,55,70,44,85,80,75,80,85,80,75,80,70,70,48,55,34,24,35
SGGSYTYYLDSVKGR,25,30,39,18,13,14,35,33,30,21,33,26,24,26,30,30,43,43,39,45,70,45,40,70,37,23,30,65,40,36,65,43,65,70,36,60,30,47,27,65,65,55,39,65,60,47,55,39,32,36,39,24,13,22
GGSYTYYLDSVKGRF,15,19,23,7.5,5.5,6.5,22,21,19,12,21,14,13,17,18,19,28,25,24,29,50,31,27,55,26,14,17,44,23,22,48,25,44,46,16,34,17,27,15,39,44,31,21,40,41,30,37,20,17,25,26,15,7.5,13
GSYTYYLDSVKGRFT,13,14,17,6,4.5,5.5,18,18,17,11,18,12,11,15,16,17,21,16,20,22,44,26,22,44,19,13,13,35,17,17,41,19,35,41,12,26,13,22,11,28,35,25,17,32,35,24,29,17,13,23,23,14,6.5,12
SYTYYLDSVKGRFTI,12,11,14,5,4,5.5,17,18,17,12,18,11,11,16,16,17,16,12,16,20,40,22,19,38,15,13,11,28,13,14,36,16,28,36,8,20,11,17,9.5,21,28,21,15,26,31,21,24,15,12,19,21,13,6,11
YTYYLDSVKGRFTIS,12,12,14,5.5,4.5,7.5,20,23,21,16,23,14,14,19,21,21,16,12,16,21,43,22,18,39,15,15,11,26,13,13,36,16,26,38,9,20,11,18,9,20,26,22,18,27,34,22,25,18,13,22,24,17,7.5,12
TYYLDSVKGRFTISR,18,18,20,9.5,8.5,16,25,33,33,30,33,24,26,31,35,33,19,16,19,26,55,21,18,38,20,24,13,24,13,14,40,19,24,47,15,20,13,25,11,19,24,26,28,34,42,25,27,28,23,27,34,25,13,20
YYLDSVKGRFTISRD,28,27,28,27,26,46,36,55,50,55,55,55,55,43,49,50,25,24,25,36,65,25,22,45,27,42,18,30,17,18,47,23,30,65,29,23,18,42,15,25,30,43,55,48,60,41,38,60,55,34,47,33,19,30
YLDSVKGRFTISRDS,42,39,47,65,80,70,48,60,60,65,60,70,70,50,55,60,38,40,36,46,75,32,30,55,40,55,32,38,26,29,60,37,38,80,55,32,32,60,30,34,38,60,75,70,70,55,50,80,80,47,65,48,35,47
LDSVKGRFTISRDSK,70,60,70,70,85,65,55,60,60,65,60,70,70,55,55,60,60,65,41,46,75,32,34,55,65,70,40,42,30,33,75,55,42,85,65,41,40,70,40,41,42,65,80,70,70,55,49,85,80,65,80,65,50,65
DSVKGRFTISRDSKN,65,65,70,65,65,32,48,46,55,42,46,36,41,49,45,55,55,60,42,44,75,37,38,60,60,55,39,55,34,35,85,65,55,80,48,48,39,60,38,49,55,60,60,60,70,48,48,65,55,75,70,70,44,60
SVKGRFTISRDSKNT,50,55,60,42,42,18,36,33,40,29,33,21,26,39,34,40,42,49,33,35,65,33,34,55,50,40,31,45,29,30,80,55,45,65,36,42,31,46,32,43,45,55,40,44,65,39,39,55,40,65,60,60,32,41
VKGRFTISRDSKNTL,35,43,42,4.5,8,10,27,23,30,18,23,12,16,32,25,30,29,33,29,30,45,33,33,45,38,28,24,36,25,26,75,55,36,30,18,37,24,28,26,30,36,32,19,28,46,24,25,25,20,55,40,50,23,27
KGRFTISRDSKNTLY,30,40,36,1.5,3.5,7.5,23,19,26,15,19,9.5,14,30,22,26,25,28,30,28,36,36,37,42,34,24,23,31,25,27,65,55,31,20,13,37,23,22,26,24,31,25,12,20,35,17,19,17,12,49,31,45,21,23
GRFTISRDSKNTLYL,37,48,41,0.8,1.7,12,27,24,33,21,24,13,19,37,28,33,32,33,37,36,32,40,43,42,41,31,29,28,28,32,60,55,28,15,13,35,29,22,33,21,28,23,11,19,31,17,17,15,11,50,32,47,28,29
RFTISRDSKNTLYLQ,46,60,48,0.8,1.8,19,33,31,41,31,31,20,27,46,37,41,40,40,43,42,32,45,48,45,50,41,37,30,33,38,60,60,30,16,15,37,37,25,39,22,30,27,13,21,34,19,18,18,13,55,37,55,36,37
FTISRDSKNTLYLQM,65,70,65,1.4,3.5,43,55,48,60,55,48,41,55,65,55,60,55,55,60,60,39,65,65,55,65,65,55,40,50,55,60,65,40,21,26,47,55,36,55,32,40,38,23,31,40,29,30,28,24,60,50,65,60,55
TISRDSKNTLYLQMN,80,80,80,3.5,8.5,70,70,65,70,70,65,65,75,70,70,70,65,65,70,75,55,75,75,65,75,75,70,55,70,70,65,65,55,32,46,60,70,55,70,47,55,55,39,46,55,46,45,47,41,70,70,70,75,70
ISRDSKNTLYLQMNS,80,75,80,21,33,75,75,65,70,70,65,70,75,65,65,70,70,70,65,75,65,70,70,65,75,70,70,70,75,70,60,60,70,55,60,70,70,65,65,70,70,65,65,60,65,60,65,65,65,65,75,70,65,70
SRDSKNTLYLQMNSL,44,48,60,80,75,47,55,39,40,35,39,45,41,39,37,40,50,49,55,60,46,60,55,47,55,39,65,65,65,60,35,44,65,55,55,55,65,47,55,65,65,55,60,60,48,60,60,55,60,42,47,45,49,43
RDSKNTLYLQMNSLQ,21,29,37,70,60,11,20,12,12,7,12,14,10,13,12,12,44,43,40,40,24,44,41,31,44,17,48,43,47,44,24,35,43,34,33,39,48,24,42,48,43,31,33,34,26,37,40,30,33,27,26,27,31,23
DSKNTLYLQMNSLQA,2,7.5,8,55,33,0.3,3.5,1.9,1.6,0.15,1.9,0.8,0.25,1.6,1.6,1.6,26,25,22,20,12,28,27,20,17,0.7,25,28,32,28,15,23,28,21,15,26,25,9.5,24,33,28,15,12,19,12,20,21,9.5,10,11,6,9,6.5,2.5
SKNTLYLQMNSLQAE,1.1,4,5,39,18,0.1,1.9,0.9,0.8,0.06,0.9,0.3,0.09,0.7,0.7,0.8,26,25,18,16,7.5,25,24,16,15,0.4,20,26,29,25,14,20,26,14,11,24,20,7,19,30,26,11,6.5,13,7,14,16,5.5,5,8,4.5,6.5,4,1.4
KNTLYLQMNSLQAED,1.2,5,6,38,17,0.1,2.5,0.9,0.9,0.06,0.9,0.3,0.12,0.8,0.8,0.9,30,28,21,17,8,27,27,18,17,0.4,21,29,32,27,16,23,29,15,13,28,21,8,22,32,29,13,6.5,13,8,15,18,6,5,10,5.5,8,4.5,1.6
NTLYLQMNSLQAEDS,1.2,5.5,6,39,17,0.12,3,1,1,0.07,1,0.3,0.12,1,1,1,33,31,24,18,9,31,31,21,19,0.4,22,34,35,30,21,26,34,16,15,34,22,10,24,38,34,15,7,14,10,17,21,6.5,5,13,6.5,9.5,5,1.8
TLYLQMNSLQAEDSA,1.5,6.5,7,41,18,0.17,5,1.6,1.4,0.12,1.6,0.5,0.17,1.5,1.6,1.4,37,36,26,20,11,35,35,23,21,0.5,24,39,39,32,26,29,39,17,18,40,24,13,27,41,39,18,8.5,15,13,20,25,8,6,18,8.5,12,5.5,2.5
LYLQMNSLQAEDSAI,3,9.5,11,47,23,0.6,11,4.5,4,0.4,4.5,1.2,0.6,4.5,5,4,43,45,34,28,18,43,42,34,23,1,30,55,48,39,38,37,55,23,27,55,30,22,33,55,55,27,16,24,20,29,38,13,11,31,15,21,9.5,5
YLQMNSLQAEDSAIY,8,21,23,33,24,4,30,15,14,4,15,6.5,4.5,19,20,14,55,60,50,41,26,60,60,42,30,4.5,47,65,65,55,47,55,65,29,42,65,47,37,55,60,65,40,27,35,28,40,48,18,19,55,31,46,27,17
LQMNSLQAEDSAIYY,31,44,55,17,24,26,55,36,36,33,36,29,28,50,46,36,60,60,80,65,36,75,75,55,44,29,85,70,80,80,55,75,70,34,55,75,85,55,85,65,70,49,37,47,36,49,60,25,30,70,50,70,75,55
QMNSLQAEDSAIYYC,41,55,60,16,25,32,65,45,45,43,45,35,35,65,60,45,65,60,85,75,45,80,85,65,50,41,90,75,85,85,60,80,75,36,60,80,90,65,90,70,75,60,43,60,47,60,65,32,35,75,55,75,80,60
MNSLQAEDSAIYYCA,49,60,60,14,21,32,65,47,50,47,47,34,37,70,65,50,60,60,85,75,42,80,85,60,55,55,85,70,85,85,55,80,70,32,55,80,85,60,90,65,70,55,38,55,48,55,65,30,30,70,49,75,85,60
NSLQAEDSAIYYCAP,65,75,70,18,26,41,75,60,65,60,60,43,48,80,75,65,70,65,90,80,55,85,90,70,65,65,90,80,90,90,65,85,80,41,65,85,90,70,90,75,80,65,47,60,60,65,70,38,38,80,60,80,90,70
SLQAEDSAIYYCAPT,70,80,75,23,35,55,80,70,75,70,70,55,60,85,80,75,75,75,90,85,65,90,90,75,70,70,95,85,95,95,70,90,85,55,75,90,95,75,95,80,85,75,60,70,70,70,80,50,50,80,65,80,90,75
LQAEDSAIYYCAPTT,80,85,85,44,60,75,90,85,85,80,85,75,75,85,85,85,80,80,90,90,80,90,90,85,65,80,95,90,95,95,80,90,90,75,85,90,95,85,95,90,90,85,80,85,80,85,90,70,70,75,70,70,85,80
QAEDSAIYYCAPTTV,48,75,60,85,65,60,75,70,75,65,70,55,60,75,75,75,31,40,80,70,65,80,85,80,24,55,80,85,90,85,75,85,85,42,70,85,80,65,80,85,85,80,55,60,75,80,80,47,49,55,38,49,65,47
AEDSAIYYCAPTTVV,18,48,20,70,31,21,55,47,49,33,47,20,23,60,60,49,11,14,65,46,40,70,70,70,6.5,25,60,70,75,70,65,70,70,23,41,75,60,39,65,70,70,60,22,33,60,60,60,15,16,37,16,31,38,20
EDSAIYYCAPTTVVP,14,43,16,70,26,15,55,42,44,27,42,15,17,55,55,44,9.5,12,60,39,37,65,70,65,6,19,55,70,70,65,65,70,70,22,38,70,55,37,60,70,70,55,18,28,60,55,60,13,13,37,15,30,33,16
DSAIYYCAPTTVVPF,8,35,9.5,60,18,9,43,32,36,18,32,9,11,47,44,36,5.5,6.5,48,29,24,55,65,55,3,12,44,60,65,60,55,65,60,17,28,65,44,27,55,65,60,43,12,19,45,44,46,7,7.5,31,9,25,26,11
SAIYYCAPTTVVPFA,6,29,7,55,16,7,37,26,31,15,26,7,8,43,39,31,4,5,41,22,19,48,60,48,2.5,9,39,55,55,55,46,60,55,15,24,60,39,23,47,60,55,37,9.5,14,39,39,40,6,6,29,8,23,22,7.5
AIYYCAPTTVVPFAY,8,34,11,60,19,8.5,43,31,36,18,31,8.5,9.5,48,45,36,4.5,6,44,24,21,50,60,48,3,11,43,60,60,55,44,60,60,19,30,60,43,28,50,60,60,41,12,16,41,43,44,8.5,8,38,12,31,26,11
IYYCAPTTVVPFAYW,15,45,19,75,30,14,55,41,49,28,41,14,16,60,55,49,7.5,11,55,35,31,60,65,55,6,19,55,70,70,65,47,60,70,33,45,70,55,42,60,70,70,55,20,24,55,55,60,18,16,60,25,55,36,19
YYCAPTTVVPFAYWG,37,65,41,85,65,34,75,60,70,49,60,32,34,75,70,70,19,28,70,55,55,70,75,65,19,38,70,80,80,75,60,70,80,60,70,80,70,70,75,80,80,70,46,43,70,70,75,44,40,70,55,65,55,41
YCAPTTVVPFAYWGQ,75,75,75,95,90,75,85,75,80,75,75,70,70,80,80,80,40,55,75,65,70,75,70,70,43,65,80,85,80,80,60,65,85,80,90,80,80,85,75,85,85,80,80,70,75,80,85,80,75,65,70,60,65,65
CAPTTVVPFAYWGQG,85,80,90,95,95,90,90,85,85,85,85,90,85,80,85,85,65,75,75,75,80,75,70,80,65,75,80,90,80,80,70,65,90,90,95,85,80,90,80,90,90,90,95,85,85,90,90,90,90,60,75,60,65,75
APTTVVPFAYWGQGT,85,80,85,95,95,95,90,90,85,90,90,95,90,80,85,85,75,80,75,75,90,75,70,85,65,75,80,90,80,75,70,65,90,95,95,85,80,95,75,90,90,90,95,90,90,90,90,95,95,55,75,49,60,70
PTTVVPFAYWGQGTL,75,70,75,95,95,90,80,85,85,80,85,90,85,75,80,85,65,70,70,75,90,70,60,80,45,65,75,85,70,70,70,55,85,95,90,75,75,90,65,90,85,85,95,90,85,90,90,90,95,41,55,32,42,55
TTVVPFAYWGQGTLV,55,55,48,95,85,80,75,85,80,75,85,80,75,70,75,80,43,55,65,75,85,70,60,80,25,55,65,80,65,65,70,49,80,85,85,70,65,80,55,85,80,85,85,85,85,90,85,80,85,34,42,25,32,40
TVVPFAYWGQGTLVT,39,49,36,95,80,60,70,80,75,60,80,65,60,70,75,75,37,45,65,75,85,70,60,80,19,39,65,80,65,60,70,50,80,80,80,70,65,80,55,80,80,80,80,85,85,85,85,75,75,33,37,24,28,33
VVPFAYWGQGTLVTV,27,43,27,95,70,43,65,70,70,47,70,50,45,65,70,70,27,34,65,70,80,70,60,75,13,29,60,80,60,60,70,55,80,70,70,70,60,70,55,80,80,75,70,75,80,80,80,60,60,34,32,24,24,26
VPFAYWGQGTLVTVS,23,42,26,95,65,38,65,70,65,43,70,45,40,65,70,65,26,32,70,70,80,70,65,80,12,25,65,80,60,60,75,60,80,70,70,75,65,70,55,80,80,75,65,75,80,80,80,60,60,40,34,29,25,25
PFAYWGQGTLVTVSS,25,45,30,95,70,36,70,65,65,42,65,43,38,65,70,65,30,37,70,70,80,70,70,80,14,25,65,80,65,60,75,65,80,75,75,75,65,75,55,85,80,80,70,75,80,80,85,60,60,48,40,37,28,28
FAYWGQGTLVTVSS,20,38,26,90,60,27,60,55,55,35,55,35,29,60,65,55,25,32,65,60,70,65,65,75,13,21,60,75,55,55,70,60,75,70,65,75,60,65,55,75,75,70,60,65,75,70,75,55,46,48,37,40,29,26
