Peptide,DRB1_0101,DRB1_0102,DRB1_0103,DRB1_0301,DRB1_0302,DRB1_0401,DRB1_0402,DRB1_0403,DRB1_0404,DRB1_0405,DRB1_0406,DRB1_0407,DRB1_0408,DRB1_0410,DRB1_0411,DRB1_0468,DRB1_0701,DRB1_0711,DRB1_0801,DRB1_0802,DRB1_0803,DRB1_0804,DRB1_0806,DRB1_0812,DRB1_0901,DRB1_1001,DRB1_1101,DRB1_1102,DRB1_1103,DRB1_1104,DRB1_1201,DRB1_1202,DRB1_1301,DRB1_1302,DRB1_1303,DRB1_1304,DRB1_1305,DRB1_1312,DRB1_1321,DRB1_1327,DRB1_1335,DRB1_1401,DRB1_1402,DRB1_1403,DRB1_1404,DRB1_1405,DRB1_1406,DRB1_1407,DRB1_1444,DRB1_1501,DRB1_1502,DRB1_1503,DRB1_1601,DRB1_1602,P_epitope
APPRLICDSRVLERY,823.29,2257.3,7194.16,52.44,3792.28,2210.12,2870.5,2656.35,1578.74,2192,2656.35,4333.87,2845.49,1288.14,1908.22,1578.74,2111.5,757.76,1841.85,2644.02,2756.72,2237.87,2238.23,2683.47,2557.88,1337.04,1770.64,417.75,1085.67,1946.19,2496.61,4736.11,417.75,649.69,1190.84,489.8,1770.64,1657.5,1857.33,154.39,417.75,540.64,1125.67,2448.62,665.38,885.27,450.76,1367.81,2288.68,1894.42,2436.96,5017.59,3225.97,2073.38,0.999447238634559
PPRLICDSRVLERYL,856.71,2045.22,7194.94,47.4,3309.97,1902.65,2559.8,2278.48,1374.46,1895.24,2278.48,3841.79,2538.01,1086.75,1591.21,1374.46,1924.29,654.03,1524.94,2384.87,2413.16,1818.3,1680.45,2195.42,2357.42,1202.09,1416.48,331.05,825.48,1527.48,2023.03,3634.13,331.05,569,1038.69,367.55,1416.48,1399.73,1472.71,125.95,331.05,452.4,961.58,2207.97,560.08,731.2,375.06,1200.14,2026.84,1622.65,2121.67,4440.82,2944.43,2000.46,0.9984989451143
PRLICDSRVLERYLL,752.23,1394.65,5926.76,48.92,3505.79,1860.96,2330.31,2155.48,1315.67,1796.44,2155.48,3813.22,2536.94,917.44,1421.03,1315.67,1439.84,492.27,945.86,1970.26,2260.31,1127.65,869.74,1584.97,1906.2,922.02,877.48,226.46,473.61,847,1191.31,1695.18,226.46,598.52,941.94,202.25,877.48,1235.89,659.05,91.87,226.46,383.57,950.93,2131.63,471.72,665.71,328.84,1158.62,1978.05,996.5,2045.28,2874.61,1944.78,1560.22,0.995930798463315
RLICDSRVLERYLLE,819.58,1469.95,6546.37,62.3,4493.84,2175.13,2643.25,2447.19,1478.28,1925.1,2447.19,4357.1,2876.35,944.98,1507.27,1478.28,1604.31,577.16,898.03,2051.02,2543.84,1012.85,764.52,1625.18,2121.76,988.34,815.37,252.71,429.85,729.44,1201.5,1473.73,252.71,826.66,1133.97,207.39,815.37,1394.16,574.96,105.08,252.71,427.49,1162.95,2511.73,527.13,755.73,371.92,1327.33,2351.2,974.91,2421.24,2761.5,1779.8,1677.76,0.989025875637918
LICDSRVLERYLLEA,945.93,1440.77,7113.43,305.53,11797.22,3479.97,3173.79,3783.55,2096.86,2431.38,3783.55,6773.85,4178.51,1148.13,2022.27,2096.86,2014.49,824.57,888.48,2196.68,3370.98,1009.08,726.04,1887.52,2444.12,1051.27,793.31,359.94,457.01,688.08,1286.21,1316.1,359.94,2195.25,1837.49,240.34,793.31,2005.4,539.8,170.24,359.94,639.88,2255.3,4128.09,732.86,1221.13,607.86,2147.1,3997.24,927.7,3443.38,2560.82,1585.3,1796.19,0.970968121019073
ICDSRVLERYLLEAK,938.25,1270.45,7088.77,1717.65,19793.69,3926.77,2986.71,4291.18,2109.86,2481.39,4291.18,8275.86,4548.43,1034.19,2058.4,2109.86,2318.59,1027.83,796,2119.22,3962.15,925.12,624.27,2075.13,2600.47,872.79,658.68,377.31,405.1,614.89,1234.55,1130.84,377.31,4069.99,2222.28,238.92,658.68,2182.82,453.31,195.58,377.31,754.99,3458.58,4866.54,917.84,1588.13,844.4,3099.98,5888.28,686.32,3489.25,1840.05,1271.46,1659.27,0.927998495925656
CDSRVLERYLLEAKE,1026.93,1366.36,7570.62,2982.68,21424.42,4130.06,3335.07,4641.6,2119.65,2360.28,4641.6,8609.51,4622.25,999.13,2091.02,2119.65,2802.37,1280.62,863.09,2296.29,4416.71,1021.19,685.42,2340.95,2768.23,782.15,759.91,473.85,506.17,779.17,1391.17,1320.94,473.85,4724.34,2548.46,288.51,759.91,2483.57,515.19,254.81,473.85,892.08,4087.51,5714.05,1047.6,1961.09,1048.23,3445.88,6696.6,731.26,3585.81,1946.02,1334.92,1747.21,0.85303612739129
DSRVLERYLLEAKEA,609.61,1105.54,6614.51,2857.77,20503.43,3105.55,2774.35,3795.72,1693.44,1886.05,3795.72,7082.79,3572.53,835.04,1817.08,1693.44,2566.12,1131.42,820.25,2039.76,4000.36,953.91,658.25,2222.31,1951.65,472.78,748.17,463.92,510.23,790.89,1328.71,1313.78,463.92,4413.61,2350.41,288.54,748.17,2246.31,512.33,256.33,463.92,843.03,3612.6,5142.13,986.59,1793,958.63,3101.95,5833.68,652.88,3090.23,1777.28,1189.2,1468.82,0.770369703730833
SRVLERYLLEAKEAE,494.35,1116.71,6772.67,2342.44,18341.97,2220.05,2801.95,3625.17,1557.57,1458.23,3625.17,5574.39,2781.2,804.17,1683.7,1557.57,2802.13,1213.4,851.56,2008.85,4072.81,1078.88,820.54,2460.11,1918.03,387.95,889.47,607.67,694.95,1026.63,1550.79,1619.14,607.67,4620.55,2221.51,380.99,889.47,2341.35,652.59,322.14,607.67,893.39,3296.43,5189.81,1027.75,1901.27,1079.08,2659.68,4878.19,774.04,3056.64,2126.31,1232.36,1415.57,0.767714067100613
RVLERYLLEAKEAEN,472.93,1520.95,8452.23,2579.4,18483.42,1845.22,3370.29,3652.89,1572.11,1372.5,3652.89,5117.16,2388.79,859.37,1747.89,1572.11,3741.94,1666.77,1179.93,2291.28,4811.73,1779.44,1555.31,3715.07,2123.62,361.76,1474.51,1566.36,1596.59,2075.83,2630.41,3225.97,1566.36,5600.14,2604.52,968.49,1474.51,2916.46,1238.38,804.03,1566.36,1201.14,3588.41,6079.91,1205.58,2482.25,1642.75,2948.89,5066.69,1169.61,3748.59,3072.83,1564.93,1505.08,0.851952881373766
VLERYLLEAKEAENI,302.88,1387.86,6704.43,1911.84,16727.08,1294.8,3098.03,3083.18,1401.02,1105.25,3083.18,4081.77,1794.63,851.84,1658.34,1401.02,2018.77,957.27,1247.8,2128.66,4027.81,2013.66,1810.18,3773.94,1398.11,281.11,1281.93,1624.42,1791.08,2296.02,3074.52,3807.53,1624.42,1789.17,1923.93,1182.14,1281.93,2206.78,1263.52,756.9,1624.42,1040.86,2605.65,4930.46,1084.65,2100.77,1539.61,2070.96,3694.43,1612.34,3305.57,3501.2,1475.51,1184.09,0.929757364096466
LERYLLEAKEAENIT,306.63,1599.93,6391,1859.85,16478.64,1231.71,3363.99,3004.48,1437.43,1113.87,3004.48,3937.49,1716.24,1006.38,1788.33,1437.43,1712.66,824.39,1388.57,2163.26,3675.61,2411.1,2327.03,4162.18,1201.14,296.82,1383.37,1663.86,2254.49,2778.1,3466.67,4717.08,1663.86,1289.31,1799.28,1560.32,1383.37,2094.48,1444.91,712.86,1663.86,997.89,2412.09,4327.22,1081.85,1996.93,1499.83,1921.58,3480.35,2434.88,3189.39,4794.01,1727.76,1225.83,0.971566131073155
ERYLLEAKEAENITT,381.92,2229.29,6893.33,2312.35,17650.81,1512.05,4292.38,3428.4,1773.92,1455.9,3428.4,4418.34,2042.43,1478.26,2456.87,1773.92,1682.36,842.71,2000.31,2635.68,3738.42,3439.51,3998.24,4967.41,1239.62,386.05,2048.6,1993.39,3519.39,4336.97,4115.38,7012.41,1993.39,1169.35,2119.61,2444.14,2048.6,2465.02,2390.6,823.83,1993.39,1130.23,2611.89,4337.62,1219.56,2192.31,1718.25,2100.18,3811.69,3689.99,3516.65,6835.32,2738.2,1556.39,0.989020369125296
RYLLEAKEAENITTG,464.33,2683.18,7514.39,2863.55,19143.48,1790.46,4703.53,3689.28,1996.07,1781.05,3689.28,4972.41,2396.02,1777.93,2856.87,1996.07,1932.42,982.4,2229,2797.47,4036.62,3941.16,4691.73,5242.69,1389.52,499.06,2422.29,2080.64,4136.23,5192.17,4504.94,8206.58,2080.64,1366.9,2445.25,2729.01,2422.29,2800.53,2879.46,855.67,2080.64,1252.55,2951,4495.98,1360.92,2376.99,1895.17,2377.76,4259.9,4123.14,4110.53,7895.03,3431.74,1880.55,0.995930041598717
YLLEAKEAENITTGC,1104.87,5386.96,11286.66,6273.71,24366.81,3373.21,7961.94,6235.47,3750.01,3614.91,6235.47,7649.91,4322.72,3945,5685.74,3750.01,3085.05,1575.16,4427.57,4531.78,5531.49,6997.02,8564.54,7377.2,2176.57,1194.64,6755.11,3832.87,8182.99,10970.49,6852.95,13197.57,3832.87,2364.8,4400.73,4862.54,6755.11,4896.44,7534.42,1650.25,3832.87,2103.07,4915.18,6501.27,2165.46,4174.58,3399.66,3655.5,6475.99,7081.87,6489.32,12188.67,7761.13,3711.54,0.998498832927397
LLEAKEAENITTGCA,2300.07,8321.02,15043.43,12587.81,28774.49,5520.49,11337.58,9648.68,6640.9,8188.75,9648.68,10118.15,6608.14,9195.72,11526.45,6640.9,5462.15,2970.99,9865.3,7150.86,7654.71,11280.8,12982.01,10852.2,3842.67,2657.7,15667.54,6453.33,11663.32,15635.02,10832.37,18927.64,6453.33,4352.1,8196.28,7925.59,15667.54,8303.04,15893.6,3198.13,6453.33,3975.07,7046.03,8131.63,3580.81,6798.88,5585.02,5679.47,8174.23,11340.65,10298.74,16683.16,13585.13,6967.64,0.999447221363076
LEAKEAENITTGCAE,4712.8,11216.06,18929.07,18665.29,31076.79,6826.82,14283.17,12571.47,9032.72,10348.78,12571.47,11752.12,7909.57,11936.79,15102.3,9032.72,8938.8,5635.76,13210.57,9821.64,11493.45,13854.1,15764.29,15206.25,6646.14,4278.89,18223.08,11470.47,14119.83,17219.59,16933.95,21683.04,11470.47,9522.67,13072.93,12316.07,18223.08,12916.3,18147.92,6591.43,11470.47,7159.22,9242.31,11162.42,6091.63,9833.23,8440.99,8295.94,10125.27,17082.64,15543.27,20747.35,15161.57,10005.05,0.998498817743263
EAKEAENITTGCAEH,6179.06,12735.9,22451.06,21249.43,32220.39,7693.07,15041.64,12704.11,9316.2,10807.32,12704.11,12595.57,8373.59,12111.64,14730.31,9316.2,10682.58,7771.3,14478.75,10596.24,14722.35,14944.63,16454.24,18989.18,8203.12,4872.45,18982.81,14627.4,14144.45,17232.82,22230.61,22050.7,14627.4,14921.52,16501.84,15492.39,18982.81,16065.11,18592.93,9064.83,14627.4,8432.69,11420.19,13953.23,7242.67,10902.69,10246.06,10533.83,11868.79,19163.59,18100.27,21895.69,15286.26,11583.21,0.995929862284104
AKEAENITTGCAEHC,4573.75,10855.37,19826.27,17964.28,30973.4,7780.3,13758.79,11839.42,8903.57,10646.58,11839.42,12103.65,8342.66,11255.69,13520.75,8903.57,8738.65,6130.11,14274.52,10775.79,14827.53,13906.21,15361.53,18351.5,5756.12,4473.51,18205.74,11966.92,12542.8,15829.24,19728.69,20618.22,11966.92,12425.02,15433.34,13129.49,18205.74,15056.29,17876.25,6992.64,11966.92,7391.18,10117.94,13378.87,6358.86,9958.93,8957.68,9818.98,11220.67,15861.13,15168.79,18625.35,14191.82,10147.87,0.989013057369407
KEAENITTGCAEHCS,3364.57,9304.11,18123.79,16057.46,30300.84,7308.63,12318.87,10713.37,8054.92,9922.04,10713.37,11671.65,7755.76,10230.99,12269.25,8054.92,7589.15,5265.94,13902.45,10677.61,15004.25,12813.44,14376.35,17246.07,4687.98,3968.97,17269.97,10124.07,11220.55,14530.54,18079.33,19627.77,10124.07,11078.56,14665.75,11643.27,17269.97,14238.27,17038.89,5429.21,10124.07,6429.7,9867.22,13129.63,5841.01,9137.31,8081.63,9551.77,11016.76,13303.8,12847.03,16313.31,13100.26,8934.45,0.970687769248644
EAENITTGCAEHCSL,2349.52,7680.02,15905.64,13661.48,29555.14,6618.45,10972.75,9721.93,7205.07,9016.9,9721.93,10968.71,7137.1,9164.34,10953.41,7205.07,5688.45,3989.38,13422.94,10663.52,14480.63,12067.69,13243.2,15173.88,3194.26,3228.38,15859.58,8012.76,9777.32,13358.9,15423.32,18381.9,8012.76,8799.56,13701,9942.78,15859.58,13092.18,16095.03,4103.78,8012.76,5410.45,9207.47,12081.8,5133.01,8073.42,6841.68,8749.25,10346.77,10453.22,10136.67,13705.3,12269.25,7506.99,0.924315192570922
AENITTGCAEHCSLN,2270.77,7550.58,15822.05,13306.83,29664.7,6645.93,10933.17,10028.24,7303.26,9299.58,10028.24,11013.19,7174.42,9147.69,11168.83,7303.26,5769.96,4056.41,13365.84,10821.6,14845.19,12002.58,13056.39,15300.66,3251.2,3309.51,15625.22,7857.45,9597.67,13142.28,15207.08,18240.84,7857.45,8759,13984.52,9854.42,15625.22,13392.62,15910.98,3961.33,7857.45,5437.15,9402.38,12109.54,5162.2,8066.08,6863.19,8793.66,10842.11,10318.93,10187.58,13672.13,12262.22,7463.83,0.818573911420514
ENITTGCAEHCSLNE,2726.29,8261.9,16999.11,13891.32,29821.75,7392.62,11730.4,11134.8,8223.02,9569.25,11134.8,11831.35,7914.88,9397.39,11522.09,8223.02,6580.32,4657.9,14185.07,12326.47,15519.41,12931.27,13621.63,16692.55,3850.7,3800.53,16442.49,8506.73,10059.32,14222.87,16145.61,18836.93,8506.73,9949.24,14848.4,10525.17,16442.49,14322.01,16311.19,4514.21,8506.73,5814.14,10029.76,13441.55,5532.81,8867.13,7633.62,9252.71,11673.8,11321.28,11202.72,14467.01,12912.67,8030.81,0.627651577054788
NITTGCAEHCSLNEN,3485.51,9444.89,18465.03,15847.23,31041.17,8493.67,13008.17,12534.94,9333.05,9998.34,12534.94,13155.23,8960.1,9810.48,12273.64,9333.05,7981.95,5650.6,14797.24,13751.79,16433.42,14079.56,14134.51,17521.61,4844.11,4459.64,17487.9,9783.24,10831.08,14866.73,17495.85,19731.25,9783.24,12301.55,15512.86,11679.49,17487.9,15676.36,16725.63,5557.35,9783.24,6603.42,11091.39,14893.46,6241.68,10013.93,8817,9903.16,13010.84,13301.93,13594.09,16433.42,13856.64,8912.24,0.39152984850119
ITTGCAEHCSLNENI,5491.6,12016.48,20277.08,18193.34,31660.2,9239.11,15721.37,14902.32,10764.37,9125.06,14902.32,14958.86,10082.31,10364.81,12966.99,10764.37,8685.11,5988.64,15489.88,15411.31,16387.79,16268.18,15401.97,18279.96,6563.39,5368.81,19122.78,12279.75,13244.06,16714.6,17989.18,20615.32,12279.75,14117.69,15503.46,12586.72,19122.78,15718.65,17776.54,7736.31,12279.75,7767.26,11944.28,17124.83,6935.67,12523.28,10482.32,9841.53,14895.71,15375.33,15951.48,18829.8,15040.5,9639.5,0.2208955362147
TTGCAEHCSLNENIT,6528.48,14599.09,21809.39,18521.65,30943.25,8264.23,17167.5,14480.32,10592.57,8134.44,14480.32,13659.56,9179.02,10378.72,12797.78,10592.57,9343.05,6271.4,15139.27,15989.67,15512.86,17788.08,16749.17,18675.8,7879.25,5298.12,20006.85,13402.05,14756.31,17743.49,18323.13,21850.02,13402.05,12214.42,14709.29,13904.85,20006.85,14788.92,18314.4,8978.25,13402.05,7966.86,10974.41,16597.28,7182.03,12660.06,10210.31,8850.65,13642.13,15682.46,14889.75,19944.6,15014.64,9461.87,0.0569549838729878
TGCAEHCSLNENITV,2814.8,10780.23,12691.47,8795.09,16421.15,3695.87,12418.84,8954.77,6852.35,5047.38,8954.77,5786.97,4047.86,8109.4,9837.48,6852.35,3777.82,2033.35,11847.11,10252.27,5898.86,14325.89,14989.97,12927.49,4509.33,3251.34,14897.16,6167.97,11517.23,14956.44,10792.95,18761.26,6167.97,566.67,6029.34,8374.77,14897.16,5621.33,15069.82,3786.99,6167.97,3493.37,1723.26,4436.88,3361.69,5474.87,3836.85,1714.2,2872.3,9335.57,4374.76,13673.75,12746.38,5629.18,0.2208955362147
GCAEHCSLNENITVP,2264.03,9979.96,11495.81,7028.97,13899.44,2657.27,11078.2,7073.37,5536.04,4365.07,7073.37,4281.16,2900.85,7724.1,9195.82,5536.04,3386.26,1704.88,11362.39,8687.74,4477.43,13897.48,14797.08,11694.53,4299.77,3045.09,13810.25,5046.28,11364.35,14444.17,9730.56,18288.27,5046.28,340.27,4668.8,7692.82,13810.25,4335.23,14569.27,2940.99,5046.28,2828.33,1157.66,3059.62,2782.19,4227.35,2972.27,1316.14,2023.86,8009.9,3357.04,12484.18,12583.31,5010.32,0.400093139100219
CAEHCSLNENITVPD,2605.03,10645.77,12251.35,6883.04,13833.87,2659.05,11464.26,7403.18,6080.7,4441.49,7403.18,4224.33,2886.79,8075.77,9751.22,6080.7,3886.66,2003.58,11849.29,9182.4,4377.42,14318.45,15226.67,11760.64,4996.3,3473.47,14238.73,5267.08,12104.69,15375.67,10381.42,18866.71,5267.08,382.49,4886.86,7698.49,14238.73,4591.8,15280.47,3018.85,5267.08,3028.99,1208.99,3130.65,2835.68,4438.17,3158.92,1337.63,2101.61,8662.96,3780.85,12904.99,13479.12,5775.4,0.648438349887001
AEHCSLNENITVPDT,2369.16,9889.78,11488.85,6098.36,13164.91,2219.13,10361.89,6155.84,5322.65,3783.34,6155.84,3578.95,2415.12,7501.64,8858.6,5322.65,3686.44,1867.11,11211.45,8184.23,3626.86,13595.42,14664.95,10633.8,4951.42,3144.36,13448.97,4631.91,11484.75,14640.38,9840.04,18509.83,4631.91,308.87,4430.78,7029.88,13448.97,4098.05,14686.55,2555.28,4631.91,2765,1067.11,2701.19,2482.47,3826.07,2749.54,1204.79,1820.05,8064.42,3425.92,12445.47,13142.99,5569.69,0.822183096199145
EHCSLNENITVPDTK,2623.61,9813.88,12096.32,6112.1,13879.9,2227.82,10034.42,5970.78,5048.3,3616.24,5970.78,3550.06,2391.74,7018.71,8314.63,5048.3,4261.06,2100.45,10571.62,7647.51,3593.15,12748.03,13182.16,10154.24,5567.64,3209.15,13333.49,4710.76,10599.91,13869.39,10264.14,17697.66,4710.76,331.7,4666.02,6775.9,13333.49,4309.88,13894.63,2504.13,4710.76,2795.26,1149.5,2785.72,2403.52,3806.58,2787.86,1313.01,1944.19,8485.96,3814.13,12886.29,12986.79,6095.19,0.926237973985287
HCSLNENITVPDTKV,2490.32,8684.55,12031.7,6012.27,14852.58,2233.06,8661.09,5298.46,4070.61,3163.81,5298.46,3524.65,2370.9,5733.5,7085.47,4070.61,3923.03,1870.36,8891.82,6278.33,3168.03,10387.6,10693.79,8350.7,5069.21,2854.71,12787.68,4322.68,8592.48,12035.87,9399.73,15983.62,4322.68,366.17,4603.39,5733.93,12787.68,4164.34,12743.62,2257.08,4322.68,2415.46,1231.8,2710.94,2031.87,3367.37,2661.93,1407.16,2096.03,8402.36,4013.23,12418.97,11843.9,5806.98,0.971006147017476
CSLNENITVPDTKVN,3124.32,8580.41,14154.71,5071.02,17783.08,2934.12,9075.33,5971.82,4370.17,3664.53,5971.82,4822.88,3131.5,5629.12,7279.35,4370.17,5148.81,2505.89,8372.5,5984.69,3751.75,9438.76,9870,8191.05,6118.45,3213.36,13262.41,4720.96,7992.5,11691.62,10066.61,15857.87,4720.96,768.21,5671.67,5580.55,13262.41,5012.6,12344.89,2298.41,4720.96,2723.55,1816.75,3636.84,2171.44,3710.05,3254.19,2050.36,2977.33,9650.25,6186.35,13462.65,11748.94,6646.58,0.98905889980448
SLNENITVPDTKVNF,2774.26,7405.11,15530.16,843.32,16120.3,3299.5,8329.49,5950.47,4044.27,3793.8,5950.47,5792.8,3661.08,5027.81,6611.43,4044.27,4974.35,2418.62,6938.45,5096.99,4130.06,7583.24,8385.19,6783.45,5578.19,2823.13,11302.55,3479.15,6402.01,9791.29,8194.25,13643.75,3479.15,1688.78,5223.16,4452.55,11302.55,5044.37,10632.65,1574.68,3479.15,2230.69,2595.41,4359.12,1882.93,3098.2,2694.85,2619.19,3579.07,8615.76,6834.88,12551.09,10382.65,5497.72,0.995936281306134
LNENITVPDTKVNFY,2310.85,6552.61,14655.75,349.61,13334.21,3878.13,7754.41,6110.64,3888.72,4369.94,6110.64,7054.72,4662.99,4897.87,6497.54,3888.72,4255.25,1921.1,5803.96,4361.06,4453.37,6654.06,7542.41,5949.63,4888.02,2694.06,9470.37,2514.26,5396.71,8478.43,6321.13,11997.64,2514.26,2068.36,4640.24,3597.98,9470.37,4622.05,9527.72,1052.89,2514.26,1882.18,2707.62,4518.9,1745.42,2632.26,2053.13,2820.99,3983,7297.02,6332.84,11552.92,9569.88,4797.79,0.998499691820931
NENITVPDTKVNFYA,2815.29,6846.35,14894.58,251.2,11998.16,4289.92,7961.08,6448.03,4414.9,5354.94,6448.03,7700.07,5429.62,5635.58,7240.71,4414.9,4737.8,2111.25,5722.28,4539.48,4842.33,6537.31,7544.94,6252.36,5365.03,3065.39,8484.58,2309.25,4991.17,7936.4,6338.87,11443.2,2309.25,2104.57,4518.31,3450.06,8484.58,4839.29,9202.29,926.58,2309.25,1813.57,2733.64,4540.61,1747.74,2445.09,1793.72,3002.56,4111.69,7327.8,6340.52,11955.27,9568.43,5072.45,0.999447227539634
ENITVPDTKVNFYAW,2692.34,6467.73,14253.07,227.29,11387.49,4162.58,7557.85,6335.65,4197.36,4954.31,6335.65,7479.02,5241.22,5331.07,6894.3,4197.36,3741.25,1731.24,5078,4368.05,4696.71,6000.25,6689.14,5879.17,4178.51,2547.83,7348.92,2129.21,4579.29,7070.08,5257.23,9213.25,2129.21,1885.6,4008.11,3110.05,7348.92,4341.47,7694.74,848.58,2129.21,1642.89,2612.43,4359.6,1597.97,2323.21,1624.86,2637.93,3932.59,5569.57,5243.71,9738.46,7961.94,4152.91,0.998569952146805
NITVPDTKVNFYAWK,2446.18,5754.07,13020.56,254.32,11921.3,4080.35,6648.81,6115.94,3938.73,4570.68,6115.94,7272.35,5018.41,4531.53,6172.24,3938.73,3292.58,1594.95,3916.08,3979.98,4619,5126.8,5607.78,5742.68,3346.49,2151.86,5280.89,1720.83,3811.45,6009.54,4661.73,7935.37,1720.83,1776.74,3403.31,2465.58,5280.89,3898.53,5545.46,722.17,1720.83,1602.35,2543.62,4176.16,1582.83,2183.95,1441.96,2617.35,3891.87,3488.61,4285.47,5964.65,5254.22,3046.21,0.997021290045041
ITVPDTKVNFYAWKR,1951.5,4179.69,10411.34,401.99,13769.96,3796.96,4886.81,5998.89,3742.55,3785.96,5998.89,7023.19,4517.29,3244.66,4891.88,3742.55,2647.2,1195.37,2327.54,3374.12,4925.61,3153.56,2718.66,5325.82,2423.79,1502.09,2283.86,1224.45,1525.83,2628.42,3887.5,4404.5,1224.45,2055.09,2832.25,1255.25,2283.86,3326.96,1877.52,554.85,1224.45,1490.02,2660.49,4129.16,1649.32,2194.07,1385.04,2880.4,4363.61,1248.76,3120.06,2341.15,1967.25,1845.64,0.997021557953659
TVPDTKVNFYAWKRM,1310.81,2447.29,6398.75,1806.71,18592.93,3470.84,3120.77,5374.16,3034.43,2955.56,5374.16,7275.57,4292.52,1939.38,3387.87,3034.43,1412.08,684.34,1318.21,2552.83,4780.8,1804.47,1161.29,4058.96,1351.64,1027.94,1208.88,616.13,568.47,1135.5,2804.65,2221.54,616.13,2395.52,2075.17,358.23,1208.88,2324.14,734.41,309.22,616.13,1199.97,2999.86,4470.12,1585.27,2444.3,1345.34,3173.38,5403.31,460.6,1848.21,964.32,953.83,1053.28,0.99856998634205
VPDTKVNFYAWKRME,1225.35,2025.94,5972.07,3609.4,19811.9,3421.51,2746.78,5299.27,2777.47,2627.9,5299.27,7784.51,4333.21,1511.4,2846.96,2777.47,1404.3,698.77,947.26,2119.4,4838.56,1313.64,793.65,3455.92,1297.49,920.25,866.92,501.02,371.21,695.96,2768.92,1868.7,501.02,2650.23,1873.52,264.8,866.92,2111.8,463.7,230.28,501.02,1091.89,3157.76,4422.83,1537.06,2471.05,1237.96,3366.72,5758.11,396.58,1742.44,806.01,707.4,976.8,0.999447232648962
PDTKVNFYAWKRMEV,398.19,849.39,2723.02,2080.71,16956.13,1743.81,1340.47,3355.7,1398.04,1143.21,3355.7,5154.66,2458.07,549.74,1304.36,1398.04,482.38,271.96,329.85,1000.94,3495.33,531.83,290.26,2016.34,560.52,318.09,166.11,202.29,111.03,199.16,1653.3,747.52,202.29,1770.2,821.36,109.2,166.11,958.71,99.75,109.04,202.29,535.97,1705.87,2899.03,919.49,1309.37,586.13,1713.9,3234.63,216.39,839.36,386.37,184.07,368.23,0.99856998634205
DTKVNFYAWKRMEVG,302.19,698.51,2473.99,2186.03,16961.82,1436.07,1221.71,2993.06,1177.33,1039.56,2993.06,4680.18,2041.17,506.92,1181.57,1177.33,511.41,287.06,268.09,782.05,3509.39,409.78,235.09,1871.13,548.02,248.99,118.68,182.43,85.74,146.17,1693.86,645.56,182.43,1975.04,805.74,101.95,118.68,914.11,76.57,101.29,182.43,516.59,1560.99,2692.05,911.04,1124.42,500.8,1710.05,2967.74,210.55,862.6,361.53,140.2,324.66,0.997021557953659
TKVNFYAWKRMEVGQ,254.71,616.19,2343.76,2188.87,16856.26,1188.09,1081.39,2702.73,963.17,848.08,2702.73,4264.15,1624.45,447.55,1041.4,963.17,503.09,274.64,229.81,623.94,3416.59,340.71,200.4,1773.19,516.61,191.39,100.33,167.9,73.93,121.53,1618.31,569.14,167.9,2143.75,763.99,95.81,100.33,865,65.75,95.21,167.9,469.94,1492.82,2624.38,830.43,1021.41,456.99,1668.33,2855.42,206.03,821.53,353.85,122.68,289.38,0.997021557953659
KVNFYAWKRMEVGQQ,179.5,561.79,2391.82,2312.6,16488.63,419.04,891.64,1557.94,491.72,319.23,1557.94,2330.71,625.17,303.47,685.14,491.72,506.49,282.8,181.34,411.91,2721.4,300.93,185.78,1561.45,471.06,99.52,87.27,169.3,74.94,114.47,1482.19,576.4,169.3,2103.02,679.2,98.23,87.27,730.38,63.49,93.82,169.3,415.67,1323.93,2349.98,645.67,846.61,412.78,1396.06,2383.5,261.78,870.9,452.19,121.87,261.38,0.99856998634205
VNFYAWKRMEVGQQA,122.18,536.44,2556.47,3022.31,16913.99,236.66,757.67,983.91,290.81,194.53,983.91,1545.8,379.23,222.59,517.43,290.81,606.71,345.32,169.37,304.03,2387.55,318.4,227.66,1470.03,454.94,61.11,93.16,218.75,105.74,158.28,1626.58,756.44,218.75,2174.78,758.66,137.13,93.16,784.82,77.55,125.57,218.75,430.63,1225.78,2095.82,606.58,799.77,436,1423.88,2247.09,383.27,1103.58,693.89,149.65,243.3,0.999447232648962
NFYAWKRMEVGQQAV,84.51,458.45,2251.64,3361.58,16911.97,179.57,616.14,714.36,219.61,155.64,714.36,1150.63,273.51,189.21,437.45,219.61,600.77,360.35,168.35,248.68,1986.4,335.67,265.69,1431.81,378.5,46.2,96.3,248.61,137.26,191.71,1528.49,934.81,248.61,1789.57,736.06,186.84,96.3,739.75,88.11,147.67,248.61,434.86,1043.31,1685.27,558.28,723.63,436.24,1306.62,1877.6,421.25,1055.29,836.73,159.66,211.49,0.99856998634205
FYAWKRMEVGQQAVE,94.96,535.96,2697.1,3807.45,18173.47,196.53,695.34,755.83,226.83,170.83,755.83,1235.41,293.8,207.16,483.38,226.83,798.05,486.17,196.82,284.72,2158.49,414.59,369.09,1672.3,447.53,50.49,132.38,345.38,224.26,300.29,1792.71,1278.67,345.38,2025.99,953.37,278.78,132.38,940.02,127.01,196.07,345.38,502.71,1263.87,1838.8,611.39,848.13,551.9,1522.48,2150.58,597.42,1384.97,1206.35,228.46,267.54,0.997021230259971
YAWKRMEVGQQAVEV,115.64,846.68,3845.79,3908.16,19758.81,286.7,1043.11,995.85,303.78,259.62,995.85,1562.63,403.66,318.24,695.7,303.78,1345.59,805.57,350.55,405.58,2363.57,672.38,816.14,2090.36,685.32,72.83,303.73,584.52,683.53,782.29,2231.94,2981.32,584.52,1900.72,1339.84,691.17,303.73,1308.86,432.87,327.83,584.52,675.77,1595.35,2123.65,725.93,1026.31,775.68,1781.27,2517.8,1168.83,2129.49,3021.85,755.91,473.96,0.997024490906589
AWKRMEVGQQAVEVW,184.29,1282.73,4774.59,4270.06,20787.57,458.52,1551.55,1471.21,491.62,444.92,1471.21,2248.52,649.39,518.42,1077.75,491.62,1766.47,1001.85,547.99,597.36,2785.84,980.97,1206.16,2490.46,990.05,121.46,580.63,821.65,1034.78,1248.72,2800.13,4252.63,821.65,2137.06,1801.09,1042.4,580.63,1836.25,800.47,423.32,821.65,824.47,2151.4,2705.78,855.06,1325.09,1027.14,2139.98,3280.45,1906.28,2930.28,4533.05,1341.71,755.82,0.99857066278246
WKRMEVGQQAVEVWQ,303.93,1917.35,6094.8,4744.47,22291.79,808.08,2562.9,2256.69,908.89,890.17,2256.69,3196.92,1128.39,1026.47,1876.79,908.89,2389.08,1325.19,1065.01,1014.24,3310.83,1785.92,2343.79,3214.4,1359.34,275.62,1461.93,1277.68,1943.66,2512.57,3728.8,6689.87,1277.68,2513.5,2610.53,1681.79,1461.93,2646.17,1958.21,587.46,1277.68,1127.83,2993.61,3372.22,1112.44,1823.9,1396.39,2688.15,4137.08,3187.9,4187.79,6776.78,3010.92,1302.68,0.999447333751017
KRMEVGQQAVEVWQG,659.07,3417.51,9414.59,6969.22,24760.14,2744.82,6129.45,4865.44,2653.76,3298.46,4865.44,6390.93,3217.29,3513.31,4910.34,2653.76,3872.3,2065.65,4423.36,3279.32,5307.64,5296.63,6722.08,5687.71,2051.13,860.65,7400.94,2940.8,5830.65,7683.51,6732.85,11478.29,2940.8,3820.03,5642.66,3871.38,7400.94,5413.96,8686.8,1286.74,2940.8,1946.82,4839.76,5647.06,1703.59,3359.95,2774.59,4007.46,6133.43,6482.86,6750.21,10860.42,8441.54,2968.48,0.998499646319719
RMEVGQQAVEVWQGL,1218.43,4906.04,11758.23,8975.82,25736.92,4066.38,8092.22,6743.5,3806.66,4156.96,6743.5,8224,4271.4,4164.25,6353.22,3806.66,4395.55,2286.92,6074.06,5237.14,6404.99,6551.4,7404.55,7188.56,2385.41,1123.62,10985.58,4683.01,7616.3,9679.22,7770.88,13014.08,4683.01,5591.24,7008.92,4851.35,10985.58,7138.03,10868.3,2181.38,4683.01,2523.85,6212.85,7706.15,2131.17,4949.28,4199.31,4645.11,7727.19,7678.85,8327.24,12511.09,9638.77,4033.91,0.995935947471189
MEVGQQAVEVWQGLA,1605.08,4961.29,13445.77,10123.74,26007.9,4634.92,8539.65,7046.03,3911.88,4369.89,7046.03,8950.61,4848.67,3893.52,6288.25,3911.88,4450.05,2192.21,4947.4,4503.77,6497.19,5622.43,6110.31,6342.03,2307.3,1114.37,9155.12,4790.95,7237.65,8829.03,6641.54,11675.19,4790.95,6652.84,7143.98,4326.37,9155.12,6926.15,9153.44,2424.52,4790.95,2566.34,6643.05,8042.03,2199.1,5038.32,4051.28,5232.15,8349.43,5659.29,7668.06,10738.9,7692.99,3707.72,0.989057286398679
EVGQQAVEVWQGLAL,628.35,2677.53,8707.98,7416.25,23226.92,3881.61,4626.25,4536.24,2187.52,2647.77,4536.24,7317.97,3638.53,1846.93,3416.07,2187.52,1326.18,630.4,3030.53,3163.3,4170.83,3253.2,3391.95,4098.36,878.71,558.64,5583.69,1892.76,3661.32,4945.1,2342.98,6687.04,1892.76,2907.89,4600.4,1849.87,5583.69,4028.85,5466.76,1002.46,1892.76,1438.22,4254.56,5614.95,1287.95,3171.56,2384.9,3325.41,6182.2,521.2,1387.01,2504.02,4411.46,1463.32,0.970878238462522
VGQQAVEVWQGLALL,339.3,1797.31,5634.24,6231.36,21748.83,3363.15,3471.85,3618.94,1592.33,2020.23,3618.94,6534.98,3077.65,1363.72,2649,1592.33,927.46,439.3,2447.45,2704.69,3194.05,2491.72,2600.55,3277.37,646.59,386.64,4234.13,1242.19,2628.64,3623.06,1481.48,4633.57,1242.19,2069.12,3712.46,1278.61,4234.13,3253.13,4188.38,661.43,1242.19,1157.33,3388.35,4432.65,1043.36,2628.22,1793.51,2767.12,5150.2,289.52,833.95,1427.65,2980.26,953.28,0.924141819978756
GQQAVEVWQGLALLS,211.14,1262.14,4427.91,5437.03,21610.67,2492.16,2599.85,2827.75,1097.06,1531.76,2827.75,5241.95,2217.62,1022.56,2093.4,1097.06,774.7,374.67,2014.95,2314.95,2745.29,1772.96,1977.9,2826.92,532.55,220.43,2994.16,923.48,1877.42,2426.59,1191.98,3613.5,923.48,1805.21,3260.71,1040.49,2994.16,2730.28,3150.39,506.01,923.48,961.99,2802.16,3855.95,872.91,2233.18,1434.69,2492.88,4521.83,224.43,680.31,1089.69,2157.44,703.02,0.824709607859963
QQAVEVWQGLALLSE,190,1171.2,4279.86,5288.9,21445.06,1969.06,2413.63,2386.34,871.91,947.13,2386.34,4561.34,1668.36,749.6,1605.72,871.91,810.21,398.99,1756.75,2163.96,2677.59,1614.75,1760.31,2775.31,525.1,173.32,2702.53,925.3,1753.52,2126.57,1152.4,3299.96,925.3,1887.74,3265.69,1041.99,2702.53,2675.7,2728.65,497.97,925.3,918.58,2794.38,3796.55,802.74,2124.91,1355.61,2372.18,4432.89,228.83,707.65,1083.44,1889.13,659.53,0.692804114281502
QAVEVWQGLALLSEA,164.54,1086.12,4015.36,5707.62,22022.09,1693.15,2229.07,2194.92,736.01,799,2194.92,4221.82,1446.88,626.64,1434.8,736.01,862.26,429.87,1563.46,2008.79,2735.8,1398.26,1644.26,2861.14,529.92,135.51,2370.08,946.92,1707.26,1942.78,1197.54,3108.24,946.92,2124.34,3388.13,1055.26,2370.08,2744.02,2380.28,519.48,946.92,936.5,2855.76,3839.18,848.25,2179,1378.96,2521.53,4427.29,254.65,803.55,1152.96,1624.45,636.81,0.692804114281502
AVEVWQGLALLSEAV,125.82,854.88,3669.65,6241.35,22019.47,1401.34,1922.46,1954.69,651.45,672.4,1954.69,3568.09,1214.75,553.99,1277.63,651.45,822.4,428.88,1512.43,1860.39,2567.28,1347.64,1602.96,2658.16,495.87,112.3,2401.57,980.44,1651.64,1863.31,1051.53,2943.34,980.44,2299.38,3482.91,1093.79,2401.57,2649.57,2289.79,535.64,980.44,909.7,2853.26,3684.57,808.04,2108.72,1351.44,2313.38,4007.72,330.68,944.47,1341.08,1576.73,594.57,0.824709607859963
VEVWQGLALLSEAVL,83.86,669.56,2977.78,5821.89,21353.6,1165.94,1620.5,1533.37,523.55,557.12,1533.37,2888.92,963.73,478.87,1093.58,523.55,686.84,363.64,1421.07,1723.72,2228.78,1320.84,1518.83,2326.56,453.5,96.57,2258.64,879.54,1583.38,1781.57,765.46,2621.15,879.54,1876.28,3110.66,1010.55,2258.64,2230.38,2108.33,495.04,879.54,821.13,2588.45,3349.24,732.41,1938.35,1255.16,1901.34,3656.21,453.06,1040.8,1627.74,1473.06,520.17,0.924141819978756
EVWQGLALLSEAVLR,57.29,413.86,2159.09,1048.79,15493.74,828.45,1159.61,954.43,368.49,480.33,954.43,2050.25,717.04,370.94,770.4,368.49,445.82,243.18,1021.13,1130.37,1446.21,992.6,1210.1,1406.47,365.77,83.29,1474.05,338.57,1032.41,1364.15,538.22,2126.77,338.57,699.71,1571.48,477.91,1474.05,1237.76,1553.31,183.74,338.57,449.26,1264.78,1787.42,459.47,851.48,524.9,1154.41,1950.49,495.08,907.81,1548.66,1233.35,429.06,0.970687769248644
VWQGLALLSEAVLRG,54.67,334.22,1946.55,585.02,14057.64,544.57,868.65,631.96,242.41,438.62,631.96,1633.53,571.04,304.41,605.45,242.41,492.39,243.81,746.27,791.02,1218.73,749.59,977.75,1156.4,398.77,85.45,1006.74,217.79,792.8,1175.78,495.66,1956.39,217.79,624.51,1270.74,338.58,1006.74,1027.61,1280.09,120.24,217.79,351.95,942.34,1332.43,363.98,578.3,355.3,1032.18,1581.7,496.71,937.1,1563.5,1193.32,429.71,0.989013057369407
WQGLALLSEAVLRGQ,54,298.43,1955.9,402.4,12981.73,370.85,684.62,438.01,158.65,385.58,438.01,1331.28,423.22,256.11,476.85,158.65,513.03,247.82,595.22,602.2,1106.63,626.76,840.63,1000.93,431,87.84,739.42,162.83,641.27,1032.41,471.9,1961.09,162.83,572.68,1111.5,274.22,739.42,883,1117.22,92.5,162.83,306.25,807.43,1117.91,326.62,449.36,270.28,984.2,1372.96,455.3,904.51,1491.37,1237.41,433.76,0.995929862284104
QGLALLSEAVLRGQA,52.96,267.13,1890.63,322.01,12155.62,294.36,554.5,333.84,121.36,357.83,333.84,1135.24,349.52,218.17,401.55,121.36,499.85,242.61,460.94,475.59,1027.01,458.24,658.82,853.36,443.58,84.22,527.01,125.42,469.89,778.03,457.42,1825.34,125.42,505.36,988.48,216.59,527.01,781.11,866.65,73.36,125.42,270.89,685.8,922.3,298.73,365.34,215.68,935.94,1227.9,423.91,884.19,1417.32,1158.84,427.82,0.998498817743263
GLALLSEAVLRGQAL,58.7,277.21,1965.51,336.38,12739.9,299.31,550.75,329.57,118.73,367.41,329.57,1145.33,340.91,218,413.11,118.73,501.63,229.44,433.26,461.47,1051.83,412.77,587.61,832.29,505.37,90.56,498.26,128.29,449.17,686.01,472.76,1780.78,128.29,553.99,993.41,208.02,498.26,797.34,787.08,73.24,128.29,274.86,705.25,973.33,296.29,375.2,217.42,981.08,1300.35,453,1000.07,1535.02,1151.26,481.4,0.999447221363076
LALLSEAVLRGQALL,62.93,305.94,2121.24,448.95,14015.12,400.42,677.03,440.09,156.59,474.8,440.09,1455.17,451.29,271.45,502.74,156.59,536.9,238.45,459.87,515.64,1248.6,431.18,585.26,903.11,450.03,117.54,516.92,148.97,472.33,690.58,546.2,1774.61,148.97,691.41,1110.91,215.6,516.92,885.26,790.79,82.18,148.97,308.95,860.04,1115.16,332.55,435.67,247.35,1151.31,1581.44,504.1,1174.09,1718.6,1231.83,539.23,0.99856991080756
ALLSEAVLRGQALLV,41.79,270.64,1291.71,751.41,14923.94,543.5,710.52,610.54,221.96,633.42,610.54,1805.62,576.15,367.73,706.01,221.96,208.57,117.44,542.26,576.56,1065.69,479.11,654.72,916.22,186.75,112.43,611,141.71,483.38,745.54,454,1769.7,141.71,146.11,1046.88,196.43,611,819.27,875.25,79.34,141.71,303.04,755.06,1027.97,328.09,479.01,276.58,910.14,1472.91,299.17,489.36,1085.52,1214.49,424.23,0.997021230259971
LLSEAVLRGQALLVN,32.85,264.29,954.47,1416.11,16437.51,846.21,739.48,891.32,343.66,876.8,891.32,2293.91,838.39,455.84,927.38,343.66,203.48,112.16,679.92,723.11,1065.46,578.98,763.82,1035.71,174.87,109.27,761.69,144.6,563.53,875.78,430.24,1871.56,144.6,108.15,1075.16,218.36,761.69,795.9,1054.6,81.73,144.6,317.1,795.92,988.95,371.03,531.59,306.45,919.59,1513.81,218.93,377.87,853.36,1244.18,360.21,0.997021230259971
LSEAVLRGQALLVNS,29.54,254.75,827.17,1513.97,16657.73,927.11,716.51,864.06,353.22,927.72,864.06,2267.09,827.29,473.84,921.73,353.22,203.62,110.99,786.6,747.62,987.87,649.17,896.08,1055.43,170.29,103.14,928.95,135.34,618.48,1028.09,427.16,2193.54,135.34,94.91,1066.6,238.65,928.95,778.26,1301.22,78.92,135.34,327.36,712.65,882.78,384.92,560.85,300.08,935.82,1517.99,191.49,334.36,763.24,1306.99,341.14,0.99856991080756
SEAVLRGQALLVNSS,30.5,256.42,820.65,1487.47,16527.75,825.06,685.24,750.86,309.49,833.12,750.86,2098.93,737.48,452.28,868.44,309.49,223.52,119.57,868.37,717.39,951.08,726.59,1094.93,1094.35,179.93,96.85,1056.44,135.65,673.21,1153.61,464.49,2662.88,135.65,95.66,1090.06,263.13,1056.44,774.22,1572.18,80.18,135.65,332.6,701.88,836.39,379.16,549.04,291.51,944.47,1493.83,193.16,340.55,770.62,1426.58,356.08,0.999447221363076
EAVLRGQALLVNSSQ,37.02,296.06,1039.63,1765.8,17378.5,751.57,740.11,749.23,299.2,758.96,749.23,2002.04,659.3,451.02,842.9,299.2,281.1,146.87,899.87,724.88,1026.08,784.06,1189.41,1221.95,219.76,101.73,1195.03,157.15,753.61,1276.52,539.01,3099.4,157.15,125.14,1284.1,307.27,1195.03,909.58,1762.42,91.32,157.15,364.41,779.48,928.49,413.72,618.38,320.04,1072.75,1673.14,231.61,418.57,918.62,1637.37,418.64,0.99856991080756
AVLRGQALLVNSSQP,52.91,406.27,1501.91,2369.72,17263.99,748.62,861.72,823.14,323.75,776.23,823.14,1964.96,663.92,499,939.2,323.75,391.08,202.59,978.79,775.69,1146,854.4,1324.99,1426.35,310.54,124.83,1456.62,204.22,841.15,1413.78,709.83,3607.21,204.22,145.64,1550.99,400.19,1456.62,1105.37,2021.92,118.54,204.22,430.09,800.01,934.91,478.97,730.14,381.42,1167.45,1664.76,313.13,577.39,1248.49,1921.31,560.64,0.997021230259971
VLRGQALLVNSSQPW,105,796.7,2434.56,1583.31,7899.05,541.43,1014.67,764.83,341.86,650.28,764.83,1119.45,481.54,573.8,1014.78,341.86,457.78,190.6,1175.25,803.36,709.57,1138.4,1841.96,1611.55,510.65,157.75,1905.04,290.12,1180.09,1975.51,1076.06,4752.17,290.12,39.34,893.13,565.25,1905.04,714.48,2540.48,148.54,290.12,415.23,357.2,526.39,432.23,640.52,356.95,459.48,651.55,753.06,458.07,2228.52,2409.3,736.19,0.997021230259971
LRGQALLVNSSQPWE,265.22,1745.66,4274.73,1141.64,6438.48,426.17,1308.01,687.61,370.74,643.32,687.61,904.46,409.21,694.23,1105.52,370.74,654.92,242.25,1622.87,897.49,671.81,1827.81,2859.68,2198.79,1016.94,221.61,2316.43,401.3,2014.25,3084.42,1860.73,7269.52,401.3,31.42,764.55,984.47,2316.43,642.75,3431.37,197.72,401.3,452.99,286.76,455.94,470.16,660.75,428.67,398.69,528.76,1199.07,467.51,2892.48,3070.9,867.87,0.99856991080756
RGQALLVNSSQPWEP,338.42,2340.06,4649.09,1092.67,6365.95,429.45,1574.36,784.36,464.48,728.68,784.36,932.43,441.61,922.15,1336.78,464.48,742.07,266.79,2078.21,1064.71,681.39,2463.39,3767.98,2818.86,1156.3,310.25,2857.49,451.46,2553.02,4093.49,2265.42,8436.34,451.46,32.25,821.93,1180.94,2857.49,705.02,4279.96,216.4,451.46,483.72,278,445.69,513.57,708.81,467.47,403.61,522.17,1293.23,497.44,3068.54,3727.03,980.06,0.999447221363076
GQALLVNSSQPWEPL,298.6,2456.52,3849.08,980.83,5721.91,420.79,1478.92,748.72,471.1,697.84,748.72,868.07,445.17,982.14,1272.08,471.1,549.34,211.54,2062.75,1072.61,581.31,2620.98,3889.77,2599.51,816.77,355.55,2631.69,368.04,2557.05,4281.3,1812.76,8214.93,368.04,29.73,721.7,972.35,2631.69,604.28,4203.09,180.17,368.04,431.35,251.57,419.95,447.28,656.28,433.39,359.95,460.63,925.94,376.1,2428.04,3770.67,797.67,0.998499320409454
QALLVNSSQPWEPLQ,331.58,2888.67,4272.23,1130.16,6462.34,519.38,1775.61,918.7,586.57,835.77,918.7,1042.58,550.25,1213.78,1537.38,586.57,596.77,237.8,2237.48,1216.91,670.4,3081.78,4408.88,2766.28,846.18,429.22,3028.66,424.63,2979.87,5021.83,1955.69,8883.17,424.63,35.12,840.19,1126.4,3028.66,702.14,4700.73,210.44,424.63,483.67,299.31,495.62,497.12,755.26,487.91,411.78,544.68,1010.27,429.7,2642.33,4258.29,880.16,0.995939885340215
ALLVNSSQPWEPLQL,444.84,3083.02,4865.44,1629.82,8215.64,755.75,2408.86,1336.97,889.94,1110.61,1336.97,1502.37,831.65,1608.75,2045.77,889.94,735.45,304.67,2712.46,1587.69,929.17,3721.71,4928.49,3228.72,821.2,516.36,3956.71,603.5,3431.37,5895.04,2442.69,9309.65,603.5,52.92,1203.5,1343.33,3956.71,1021.34,5365.96,295.78,603.5,590.32,447.77,725.68,603.65,969.23,645.85,584.11,791.16,1365.49,620.04,3256.69,4442.79,1089.43,0.989208538288347
LLVNSSQPWEPLQLH,847.48,3914.17,7326.53,3639.64,14048.21,1562.08,4176.16,2901.95,1946.13,1939.23,2901.95,3230.02,1734.87,2495.45,3388.75,1946.13,1322.07,576.81,4354.36,3109.25,2143.45,5558.85,6320.45,4936.92,1112.87,771.16,6427.76,1396.16,4757.94,7926.36,4200.45,11059.64,1396.16,221.7,2348.1,2229.34,6427.76,2194.42,7319.55,678.61,1396.16,1013.9,1167,2121.76,1001.92,1841.57,1277.85,1237.79,2029.1,2556.61,1602.42,5046.34,5338.57,1732.94,0.974091345282598
LVNSSQPWEPLQLHV,1707.42,5351.18,11264.22,10896.56,26372.02,5081.46,8253.77,9685.82,5809.11,4556.31,9685.82,10510.83,6025.36,4410.55,6910.95,5809.11,3536.61,2205.68,6907.36,7957.38,9003.84,8110.36,7261.03,9524.53,1730.81,1134.76,10124.94,4757.42,6258.05,9329.61,7867.06,12323.14,4757.42,6057.78,7576.52,4241.28,10124.94,7840.3,9205.58,2320.22,4757.42,3019.7,6888.03,9971,2825.64,5960.45,4379.41,5276.38,8438.16,4504.65,5846.44,8327.78,5828.95,2952.94,0.960575577520538
VNSSQPWEPLQLHVD,2012.4,5674.13,12304.75,13389.87,27486.64,5452.29,8687.08,10407.51,5567.28,3230.09,10407.51,11594.5,6176.58,3402.72,6426.78,5567.28,4512.84,2788.07,5547.62,8396.63,10298.07,7841.74,6373.6,9817.17,2199.87,907.23,8952.55,5779.46,5716.03,8566.95,7486.88,10728.79,5779.46,8967.77,7653.31,4248.17,8952.55,7740.33,6981.6,2959.95,5779.46,3379.38,8509.49,12469.46,3011.83,7151.94,5412.96,5896.06,10424.41,5468.36,7386.22,9617.62,5738.15,2945.67,0.974091345282598
NSSQPWEPLQLHVDK,1643.17,5175.62,11784.59,13375.97,27891.68,4735.13,7937.77,9120.12,4417.38,2477.5,9120.12,11267.63,5404.36,2627.73,5316.55,4417.38,4708.16,2819.92,4099.87,7093.99,10065.52,6444.05,5390.46,9015.05,2392.55,665.75,6694.79,5346.55,4686.81,7084.94,6754.52,9138,5346.55,9580.65,6723.03,3814.54,6694.79,6607.78,5176.13,2782.04,5346.55,2954.29,8612.4,12660.06,2782.4,6690.66,5009.78,5683.22,10645.42,5726.68,7719.67,9519.07,5009.78,2643.19,0.989208538288347
SSQPWEPLQLHVDKA,1199.03,3749.96,10244.06,11928.01,26306.19,3609.83,5769.96,6789.92,2922.4,1908.88,6789.92,9442.44,4075.81,1832.19,3942.09,2922.4,4032.86,2375.88,2935.8,4974.99,7786.78,4626.25,3946.19,6743.21,2141.23,502.89,4784.78,3815.98,3329.19,5230.96,5182.4,7284.55,3815.98,7458.1,5382.71,2776.48,4784.78,5213.11,3858.67,1845.66,3815.98,2258.57,6919.56,10618.51,2163.68,5193.46,3813.92,4785.51,8879.13,5152.38,6957.47,8275.68,4077.13,2225.22,0.995939885340215
SQPWEPLQLHVDKAV,732.27,2621,7179.93,7495.71,23299.66,2515.97,3222.69,4159.66,1759.62,1361.86,4159.66,6709.44,2678.95,1272.39,2711.93,1759.62,2160.99,1040.16,1900.33,2953.84,3865.23,3242.69,2914.13,4121.62,1459.9,373.5,3355.26,1455.88,2283.68,3914.34,2998.63,5576.5,1455.88,1612.39,3316.68,1399.32,3355.26,3145.11,2779.79,719.67,1455.88,1376.62,3920.78,5692.21,1283.35,3234.7,2190.2,3033.09,5806.35,3004.57,3640.86,5659.53,3406.58,1626.16,0.998499320409454
QPWEPLQLHVDKAVS,622.24,1982.15,5901.93,2759.17,18338.2,1920.79,2371.05,3054.2,1308.91,1286.84,3054.2,5258.6,2250.54,1122.4,2237.43,1308.91,1862.53,828.25,1486.07,2100.29,2793.38,2265.08,2279.34,3141.17,1408.7,384.02,2550.98,804.3,1655.04,2941.62,2289.87,4711.47,804.3,817.14,2437.04,981.81,2550.98,2353.88,2291.53,356.24,804.3,1053.58,2543.86,3796.01,1011.06,2018.9,1293.6,2209.26,3609.09,2164.33,2699.7,4752.02,3295.72,1497.82,0.999447221363076
PWEPLQLHVDKAVSG,523.77,1712.62,5067.57,304.6,8875.48,1039.35,1863.25,2040.46,952.85,1447.38,2040.46,2810.63,1415.11,1176.26,2179.11,952.85,1640.85,670.69,1351.91,1589.71,2121.58,1694.56,2070.51,2712.55,1377.63,447.58,1991.32,521.42,1268.45,2108.97,2307.58,4588.27,521.42,282.56,1685.49,793.23,1991.32,1750.75,2142.29,206.11,521.42,762.3,811.15,1758.9,712.33,961.95,636.72,985.32,1197.57,2027.96,2327.49,4450.77,3455.18,1519.09,0.99856991080756
WEPLQLHVDKAVSGL,278.51,1172.76,3523.13,111.7,5235.95,425.52,1172.74,918.14,470.82,1210.96,918.14,1376.56,694.83,950.14,1629.1,470.82,927.55,357,1013.49,948.44,1218.28,1076.41,1684.41,1878.19,880.24,416.1,1199.11,265.39,923.27,1505.44,1619.73,3980.8,265.39,109.98,956.79,516.77,1199.11,1035.04,1692.49,104.92,265.39,445.87,390.32,841.25,434.86,464.72,318.21,536.04,582.32,1201.93,1179.08,3225.3,3070.3,1136.9,0.997021230259971
EPLQLHVDKAVSGLR,203.73,1029.72,3070.86,73.34,3918.75,294.91,927.73,631.86,334.45,1076.03,631.86,1019.14,507.84,865.9,1414.56,334.45,800.95,276.41,845.78,693.54,1042.23,787.82,1432.26,1500.22,763.37,409.11,812.54,166.79,693.26,1139.06,1550.34,3857.33,166.79,84.4,708.48,393.06,812.54,788.07,1485.19,68.27,166.79,340.78,279.79,591.24,364.06,329.11,213.98,453.52,448.22,1044.65,943.44,2955.47,2704.37,1014.6,0.997021230259971
PLQLHVDKAVSGLRS,155.01,844.74,2844.32,67.58,3660.53,255.73,806.92,530.39,272.35,977.95,530.39,911.71,449.44,773.28,1263.41,272.35,705.42,250.59,703.11,572.01,993.18,617.25,1177.38,1319.42,668.57,316.78,641.23,134.33,577.05,934.99,1472.4,3527.21,134.33,81.15,624.9,329.64,641.23,720.17,1258.18,56.77,134.33,306.67,254.71,517.81,342.12,286.85,177.77,437.77,417.97,932.36,879.71,2672.61,2036.36,823.92,0.99856991080756
LQLHVDKAVSGLRSL,113.34,672.23,2607.26,66.4,3942.73,251.66,766.42,497.56,243.23,906.09,497.56,924.29,444.61,675.27,1089.56,243.23,510.15,210.37,574.69,509.41,1049.51,539.08,1009.66,1299.43,488.37,220.83,500.13,116.91,502.88,808.58,1372.08,3382.75,116.91,86.58,594.59,286.39,500.13,658.35,990.99,50.36,116.91,278.29,252.97,505.83,336.52,261.19,165.45,444.28,424.36,746.06,871.8,2283.02,1558.18,617.87,0.999447221363076
QLHVDKAVSGLRSLT,126.56,667.42,3057.57,124.16,6227.65,423.16,1052.52,800.35,349.51,1148.15,800.35,1480.42,711.83,746.07,1258.45,349.51,584.7,277.89,699.35,646.57,1608.35,638.23,1151.42,1660.67,495.57,217.94,551.8,164.28,524.81,826.22,1586.72,3392.31,164.28,172.27,881.49,364.69,551.8,949.28,999.57,68.96,164.28,358.46,404.74,745.57,447.05,385.51,234.43,706.45,694.28,799.1,1405.33,2453.76,1497.06,645.09,0.998570366997776
LHVDKAVSGLRSLTT,70.79,530.51,3275.42,691.05,13521.04,599.37,1074.62,920.36,271.36,704.03,920.36,2161.81,756.68,449.81,955.35,271.36,491.24,271.5,645.08,644.12,2339.02,590.7,978.3,1750.01,367.22,108.36,491.65,190.75,544.32,762.1,1132.78,2651.04,190.75,545.13,1295.32,384.58,491.65,1196.47,868.64,92.76,190.75,419.2,874.18,1419.21,526.15,589.24,356.97,1300.9,1558.26,594.14,1646.91,2079.62,1169.6,475.19,0.997025184701992
HVDKAVSGLRSLTTL,37.46,389.7,3069.64,2785.69,20396.56,450.23,844.16,648.79,152.27,421.36,648.79,2189.37,526.19,275.83,677.21,152.27,344.46,227.72,565.31,595.02,2662.1,512.14,872.6,1645.4,247,68.5,415.28,189.72,560.94,692.76,803.83,2190.6,189.72,1416.18,1504.71,377.6,415.28,1302.42,762.27,91.87,189.72,430.87,1546.15,2192.67,536.34,694.3,410.4,1858.66,2664.73,334.36,1238.97,1504.43,901.79,306.16,0.997039245853533
VDKAVSGLRSLTTLL,26.51,278.09,2214.17,3004.96,19471.66,300.13,559.38,402.2,95.02,259.37,402.2,1493.36,321.32,164.76,430.54,95.02,199.73,138.11,490.56,527.41,1708.24,446.33,763.43,1358.26,182.42,49.08,354.25,167.61,484.69,582.26,541.43,1768.95,167.61,843.83,1223.12,315.48,354.25,996.51,635.66,83.95,167.61,355.85,1213.91,1799.96,430.26,561,349.12,1314.63,2036.19,186.03,742.33,930.43,658.93,201.23,0.998587019442334
DKAVSGLRSLTTLLR,19.35,143.88,1293.54,1102.69,16037.14,152.33,207.6,195.01,49.62,127.47,195.01,781.82,163.76,62.54,158.2,49.62,152.68,99.52,217.59,328.58,1041.34,169.63,244.45,667.52,159,29.59,99.64,57.9,144.79,164.15,296.32,680.72,57.9,499.37,661.94,76.69,99.64,466.42,155.59,35.61,57.9,189.48,615.32,1015.84,244.55,275.94,132.48,832.39,1304.81,100.71,470.62,465.63,298.51,122.8,0.999454091653419
KAVSGLRSLTTLLRA,16.19,87.23,850.79,713.27,14122.58,100.05,123.42,125.38,34.14,90.73,125.38,506.18,105.97,43.57,103.89,34.14,127.71,85.01,136.54,194.98,747.16,100.14,140.44,479.57,139.93,23.12,51.07,36.77,77.89,79.01,218.73,384.42,36.77,375.29,490.61,50.09,51.07,328.2,79.19,25.7,36.77,138.46,435.32,622.79,185.57,182.71,87.01,670.54,1018.97,71.36,349.65,290.43,166.01,93.36,0.998685124054113
AVSGLRSLTTLLRAL,17.24,74.95,707.96,555.75,13054.27,87.74,101.55,110.6,31.15,81.2,110.6,447.01,96.47,39.88,93.17,31.15,118.13,81.28,103.54,157.05,619.94,80.71,95.74,392.9,157.9,23.43,37.21,31.4,54.84,54.4,200.04,259.01,31.4,295.07,404.89,38.71,37.21,270.52,53.76,23.5,31.4,124.99,362.52,467.72,168.2,163.84,76.21,592.95,922.62,65.05,308.08,225.49,131.06,91.74,0.998006557583526
VSGLRSLTTLLRALG,20.93,74.93,749.58,613.25,13549.01,95.59,106.58,114.72,32.43,91.09,114.72,493.25,108.74,41.09,97.86,32.43,150.98,101.28,76.33,121.73,673.26,58.08,70.32,353.62,208.27,26.8,24.38,28.84,39.55,37.94,189.09,171.2,28.84,344.41,439.91,36.9,24.38,291.57,37.7,22.35,28.84,120.65,398.18,468.7,173.08,153.8,69.87,658.53,984.86,76.07,386.08,251.59,115.74,107.95,0.998727983275486
SGLRSLTTLLRALGA,23.91,72.68,762.85,741.32,14208.26,114.6,114.99,135.62,36.72,110.22,135.62,604.17,134.38,45.56,111.91,36.72,194.27,130.3,65.76,96.82,773.71,45.04,56.28,354.82,268.15,30.77,19.31,29.12,33.67,29.84,199.8,143.47,29.12,452.4,496.16,37.15,19.31,334.67,30.57,22.32,29.12,128.51,451.91,521.43,181.42,159.52,70.37,776.54,1130.32,90.79,495.69,303.92,109.41,130.28,0.999479999537262
GLRSLTTLLRALGAQ,28.13,80.74,873.48,1014.76,15765.49,169.46,141.72,188.05,47.5,159.91,188.05,885.15,195.79,59.58,147.92,47.5,299.87,188.25,67.22,94.73,999.75,43.62,54.83,382.95,373.52,36.34,18.82,32.83,33.65,28.45,224.29,143.23,32.83,754.42,633.93,41.91,18.82,442.7,30.81,24.49,32.83,151.34,602.66,644.57,208.35,188.04,79.82,1039.92,1418.53,118.06,761.47,397.38,121.49,177.04,0.999805253706399
LRSLTTLLRALGAQK,29.54,78.2,864.49,1485.72,16900.63,382.4,169.01,304.04,79.88,346.17,304.04,1575.02,421.25,91.49,230.63,79.88,352.14,182.16,68.93,91,1291.21,42.29,56.09,421.16,325.49,46.56,19.28,37.55,32.67,28.4,257.67,147.49,37.55,1107.61,675.8,46.79,19.28,520.19,32.24,27.48,37.55,179.41,756.48,807.66,253.59,231.83,95.85,1362.1,1751.11,157.94,997.83,447.97,137.44,211.68,0.999302391229826
RSLTTLLRALGAQKE,26.63,75.87,794.16,1786.13,17409.93,392.07,173.38,333.3,86.06,307.46,333.3,1544.11,429.85,94.07,244.76,86.06,386.97,197.39,76.54,99.12,1455.93,45.94,67.23,489.4,270.49,40.98,21.04,43.89,38.7,33.59,281.67,182.83,43.89,1069.04,697.48,57.5,21.04,561.27,39.62,31.67,43.89,200.9,802.31,933.52,286.55,264.38,119.16,1326.47,1813.29,151.99,907.42,426.21,141.77,194.91,0.998349551173706
SLTTLLRALGAQKEA,22.28,74.26,666.28,1627.3,16715.5,278.09,154.23,273.19,78.75,213.56,273.19,1251.63,336.54,78.12,201.08,78.75,358.15,187.21,98.86,126.69,1343.57,59.27,93.33,514.89,215.89,30.26,30.14,46.04,49.48,48.03,284.32,245.7,46.04,864.49,634.26,59.18,30.14,519.18,56.94,32.79,46.04,207.94,743.6,970.83,287.2,267.79,127.67,1202.03,1651.48,123.49,697.15,359.34,146.22,160.57,0.997288683485205
LTTLLRALGAQKEAI,18.7,66.93,493.54,1329.7,15803.91,218.06,127.15,225.13,69.78,168.62,225.13,1037.5,255.89,70.68,173.85,69.78,263.74,149.37,123.98,160.12,1148.52,83.15,127.53,508.23,163.73,25.11,46.03,46.83,58.92,67.52,256.04,312.46,46.83,631.73,538.36,58.25,46.03,426.54,74.41,33.58,46.83,191.21,639.81,873.91,266.64,254.62,129.36,985.01,1387.29,93.22,514.07,266.17,140.93,126.83,0.998594399258112
TTLLRALGAQKEAIS,21.43,84.59,646.34,1549.32,16996.54,245.42,158.8,267.03,79.55,185.95,267.03,1181.21,282.14,83.41,200.04,79.55,334.07,189.07,192.37,249.77,1338.91,174.56,226.88,711.41,192.2,28.31,107.64,64.89,112.24,149.14,351.41,631.22,64.89,782.79,630.74,82.26,107.64,516.23,150.44,42.31,64.89,235.94,786.73,1077.06,316.06,341.86,180.54,1110.35,1583.84,124.73,654.95,362.37,214.97,157.15,0.999448587422657
TLLRALGAQKEAISP,26.69,106.12,877.84,1852.28,18340.58,313.29,208.9,342.57,100.34,237.36,342.57,1475.16,365.69,105.03,247.85,100.34,427.24,241.89,236.8,316.41,1610.73,216.86,276.27,861.48,238.34,35,143.82,81.91,148.22,200.12,432.99,780.2,81.91,1016.52,765.58,103.8,143.82,633.26,194.5,50.76,81.91,280.84,996.82,1356.71,365.23,418.79,230.56,1344.24,1936.17,175.13,876.98,496.94,283.77,209.23,0.998499320409454
LLRALGAQKEAISPP,42.51,183.5,1701.71,2814.59,21467.12,560.39,380.79,603.86,173.47,405.56,603.86,2378.71,651.87,179.92,420.97,173.47,748.5,426.72,393.68,537.06,2445.65,366.89,478.99,1262.16,378.91,56.2,293.89,143.83,289.84,396.77,682.97,1298.88,143.83,1686.37,1224.84,182.71,293.89,1024.45,404.11,79.22,143.83,432.1,1860.69,2285.09,531.3,658.61,406.08,1997,3024.21,383.82,1666.38,1058.07,615.92,397.54,0.995939885340215
LRALGAQKEAISPPD,267.95,1272.99,7497.74,6844.42,27279.54,2235.98,2687.37,2917.15,1049.36,1840.85,2917.15,6575.05,2641.47,1098.61,2177.16,1049.36,3321.85,1915.09,1983.03,2099.38,5434.5,2229.8,2952.66,3538.1,1437.15,308.06,3477.49,1230.5,2548.6,3473.02,3377.7,6425.67,1230.5,5438.56,4510.69,1417.89,3477.49,4015.01,3786.41,493.05,1230.5,1415.27,5153.05,5820.75,1375.08,2446.31,1829.99,4526.93,6329.21,3542.93,6315.46,6783.75,4072.42,2009.96,0.989208538288347
RALGAQKEAISPPDA,1506.4,5563.3,15390.98,11732.17,30728.06,5130.13,8072.37,8231.57,4499.58,7159.07,8231.57,10655.1,5751.58,6529.18,9046.12,4499.58,8272.19,5037.83,6918.81,5304.72,9538.45,6473.19,8526.64,9867.86,4284.45,1645.17,10208.77,4546.31,6703.7,9328.3,11511.25,15146.32,4546.31,9833.86,10606.68,6207.07,10208.77,10066.07,10872.65,1744.55,4546.31,3974.47,8493.67,9157.99,3674.1,5658.25,4732.37,7865.28,9883.57,11055.45,12303.95,15882.77,9324.27,5938.18,0.974095867396617
ALGAQKEAISPPDAA,2250.91,7513.5,17706.66,17502.66,31566.14,5596.45,10502.98,10118.15,5931.63,7899.13,10118.15,10928.79,5958.91,8541.87,11539.56,5931.63,10589.82,6746.27,9347.09,7201.8,11261.78,8649.57,10622.76,12954.79,5566.01,2082.17,13961.39,8111.5,9364.51,12293.17,15714.57,18109.87,8111.5,13007.88,13802.78,9358.53,13961.39,13363.82,14915.23,3764.52,8111.5,5693.62,10203.58,10702.24,5036.68,8206.58,7152.18,9428.45,11967.44,14611.26,14524.1,18601.38,10941.45,7389.42,0.960586047429858
LGAQKEAISPPDAAS,2854.55,8541.41,18261.97,19761.8,31606.47,5783.78,11557.05,10694.84,6677.28,8290.92,10694.84,10766.01,6098.29,9133.85,11822.52,6677.28,12419.78,8025.95,11108.09,8655.47,12578.96,10372.88,11934.59,15364.52,6497.54,2316.91,15593.8,11553.67,10323.51,13122.67,19289.65,19747.06,11553.67,14085.65,15183.73,12403.8,15593.8,14770.05,16617.22,6297.58,11553.67,6942.43,10267.14,11254.84,5951.18,9341.23,8511.61,10183.72,12501.62,16335.03,15204.77,19455.66,11126.01,8355.31,0.974150831535303
GAQKEAISPPDAASA,2547.06,7799.51,15588.74,18415.74,30245.49,5926.76,10792.6,10341.28,7035.59,8966.6,10341.28,10242.84,6183.87,9477.55,11880.61,7035.59,11068.62,7352.65,11692.76,8685.2,12571.06,10243.73,12201.21,15717.29,5601.96,2315.36,14931.37,11273.36,10059.75,13262.56,19428.31,19333.74,11273.36,12763.76,15275.35,12302.89,14931.37,14994.84,16146.83,6437.29,11273.36,7105.2,9019.05,10356.29,5917.53,8945.48,8023.95,9774.57,11160.37,15154.51,13431.95,17447.26,10561.56,7832.41,0.989235241486933
AQKEAISPPDAASAA,2019.03,6843.76,13435.15,16061.98,28923.7,5300.93,9729.83,9421.11,6445.52,8747.26,9421.11,9389.67,5692.51,9083.58,11370.75,6445.52,9486.58,6337.29,11370.01,7789.14,11680.75,9196.92,11548.17,14649.25,4667.48,2124.93,13716.72,9772.45,9122.79,11953.72,18398.42,18737.53,9772.45,10762.51,14088.24,11524.21,13716.72,13916.29,15119.96,5441.5,9772.45,6318.19,7583,9060.91,5353.21,7700.57,6806.02,8466.05,9564.49,13313.02,11899.78,15610.68,10079.04,7151.94,0.995943671074973
QKEAISPPDAASAAP,2455.7,7399.66,14084.74,16726.9,29505.61,6040.57,10861.01,10502.87,7393.58,10456.38,10502.87,10519.7,6580.1,10401.88,12994.66,7393.58,10646.23,7214.12,12652.67,8692.91,12844.95,10046.37,12394.94,16030.38,5397.7,2684.78,14762.22,10597.62,9931.6,12661.16,19812.54,19594.67,10597.62,11853.9,15116.85,12698.2,14762.22,15142.88,16283.51,6007.2,10597.62,7215.6,8240.3,9864.45,6198.74,8581.61,7524.8,9288.12,10287.27,14178.93,13217.57,16438.93,11198.6,8081.63,0.998499837902936
KEAISPPDAASAAPL,2184.57,7107.28,11640.63,16241.28,28554.91,6142.79,11450.63,11403.15,8333.37,11648.31,11403.15,10656.14,6922.18,11959.28,14493.17,8333.37,6794.47,5404.13,13534.51,9287.21,12873.75,10200.49,12678.7,15819.65,3907.15,2870.5,15362.2,10258.59,10056.27,12768.05,19761.16,19998.63,10258.59,9946.97,15095.93,12436.18,15362.2,15288.41,16900.08,5828.38,10258.59,7530.42,7555.32,9532.47,6495.57,8978.83,7482.67,8610.16,9751.85,13109.33,11371.61,15233.42,11360.67,7919.5,0.999447289535262
EAISPPDAASAAPLR,1946.88,6886.54,10928.2,15747.25,28445.75,7098.98,12778.27,12994.1,9953.97,12593.8,12994.1,11812.16,7853.37,13350.09,15655.68,9953.97,5681.99,4694.07,14721.39,10667.56,13430.06,10717.77,12861.36,16250.42,3234.28,3133.53,16034.54,9804.22,9386.11,12671.16,19746.84,19837.64,9804.22,9295.86,14801.73,10873.94,16034.54,15281.63,16533.65,5728.6,9804.22,8150.39,8193.36,10457.29,7143.75,9536.8,7958.76,8959.62,10065.2,13262.84,11037.52,15196.06,11352.19,7617.53,0.998499822739125
AISPPDAASAAPLRT,1444.3,5638.69,9949.67,14099.22,28083.36,6249.12,11499.55,11388.23,8660.52,11052.22,11388.23,10896.79,7001.11,11890.64,14314.42,8660.52,4835.84,3992.1,12598.16,9088.21,12220.76,9401.87,11234.76,14384.13,2479.7,2211.92,13972.42,7735.73,7827.41,10773.23,18249.13,17580.1,7735.73,8622.28,12951.01,8956.13,13972.42,13772.34,14008.29,3995.38,7735.73,6523.46,7613.33,9121.21,6021.25,7651.07,6533.78,8329.4,8940.25,12651.57,10103.5,14717.89,9994.55,6691.6,0.995943560207081
ISPPDAASAAPLRTI,747.87,4076.6,7682.59,11237.44,26304.2,4348.76,9191.25,8205.78,5724.51,7835.46,8205.78,8455.8,5067.29,8370.6,10392.32,5724.51,2957.16,2257.03,8758.81,6086.43,9312.77,7397.02,8734.3,10118.37,1354.54,1175.54,10536.11,4559.12,5877.33,8342.75,14651.15,15388.48,4559.12,5869.01,9414.18,5908.64,10536.11,9846.64,10585.35,2123.49,4559.12,4048.34,5861.26,6650.6,4015.54,4714.94,4152.73,6451.1,6769.3,9915.06,7957.29,12925.81,7703.4,4401.11,0.989260258746732
SPPDAASAAPLRTIT,695.87,3647.6,8093.44,10759.95,26895.9,4038.28,8340.49,7223.73,4644.31,7112.59,7223.73,8076.91,4695.65,7038.86,9191.64,4644.31,3072.13,2190.32,7497.9,5349.44,9290.53,6187.82,7464.47,9328.5,1323.07,994.96,8906.75,3858.04,4927.26,6959.8,13365.7,14503.06,3858.04,6158.03,8803.18,5100.24,8906.75,9245.41,9192.74,1680.14,3858.04,3436.61,5534.37,6377.88,3575.47,4014.54,3514.64,6454.1,6556.51,9256.42,8245.74,12592.44,6901.09,4080.05,0.97438747738567
PPDAASAAPLRTITA,392.6,2561.62,7545.43,10119.36,26669.58,2211.61,4854.08,3799.01,1481.46,3590.43,3799.01,5335.92,2211.78,3288.27,5360.45,1481.46,2679.76,1787.95,4811.41,2767.96,6801.09,3146.1,4649.04,6274.66,1107.84,433.36,6062.18,2606.84,3309.69,4493.94,8207.38,11158.92,2606.84,5880.38,7375.44,3800.37,6062.18,7279.35,6927.5,1115.1,2606.84,2298.01,4652.61,4912.94,2303.16,2873.45,2364.78,5433.5,5713.49,6401.59,6952.35,9481.45,5210.4,2676.83,0.960919361212389
PDAASAAPLRTITAD,374.75,2441.79,8415.73,10508.67,27135.59,1901.6,4458.19,3193.91,1167.46,2929.84,3193.91,4921.51,1856.39,2839.61,4820.06,1167.46,2957.13,2010.68,4172.68,2259.62,6684.29,2675.96,4368.24,5969.49,1171.44,380.66,5555.67,2629.9,3266.04,4384.57,7931.42,10642.54,2629.9,6639.03,7483.15,3962.28,5555.67,7228.81,6723.54,1155.45,2629.9,2262.12,4832.8,4936.23,2155.76,2845.98,2227.38,5380.32,6028.36,6082.15,7133.4,9399.22,5041.32,2582.97,0.974240262384392
DAASAAPLRTITADT,377.53,2337.2,9143.04,11431.32,27530.99,1704.86,4055.88,2732.67,937.56,2377.29,2732.67,4686.91,1607.79,2348.81,4133.68,937.56,2956.17,2026.76,3628.71,1892.8,5471.32,2312.53,3990.37,5551.94,1288.92,348.39,5060.61,2637.33,3133.33,4167.72,7204.99,9923.97,2637.33,6670.49,7335.65,3994.82,5060.61,6749.05,6427.69,1150.71,2637.33,2132,4827.42,4828.62,1941.5,2880.61,2219.59,4949.97,6166.97,5670.75,6947.99,9346.49,5005.12,2425.57,0.989234460636823
AASAAPLRTITADTF,293.37,1743.49,8074.03,5049.23,23162.42,1017.71,2769.7,1566.78,521.02,1050.02,1566.78,2998.57,968.77,1086.58,1905.02,521.02,1240.8,628.64,2349.75,1275.71,2125.23,1777.51,3103.87,2970.7,1017.07,237.94,4060.36,1539.07,2668.77,3578.72,2536.72,7510.98,1539.07,1538.38,3447.04,2115.53,4060.36,2909.53,5150.98,658.61,1539.07,999.65,2237.24,2791.42,741.2,1837.57,1315.99,1701.27,3363.59,3176.2,3398.67,6428.03,4066.43,1604.63,0.995943560207081
ASAAPLRTITADTFR,300.21,1721.8,7701.9,2929.39,20116.9,763.33,2450.13,1160.24,399.89,785.93,1160.24,2379.46,746.46,785.25,1291.32,399.89,973.69,448.85,1766.24,1092.97,1490.76,1762.69,3038.67,2357.29,935.65,213.58,3490.68,1056.53,2637.1,3708.45,1637.34,6369.46,1056.53,859.26,2339.93,1601.19,3490.68,1886.38,4254.88,494.71,1056.53,667.34,1459.62,2017.5,526.32,1248.9,898.01,1232.55,2318.49,2185.7,2456.55,4913.63,3832.25,1388.86,0.998499822739125
SAAPLRTITADTFRK,290.66,1484.18,6900.04,977.2,14574,635.86,1920.09,937.92,341.4,684.92,937.92,1979.94,645.11,619.76,998.48,341.4,824.45,358.05,1281.81,941.64,1288.15,1300.71,2218.29,1886.27,852.15,200.24,2083.72,553.49,1568.68,2362.35,1298.79,4959.73,553.49,623.13,1469.59,847.41,2083.72,1364.03,2684,256.24,553.49,471.53,985.49,1500.43,430.05,860.71,530.74,992.44,1739.86,1590.59,1895.97,3687.32,2913.78,1116.04,0.999447221363076
AAPLRTITADTFRKL,252.21,1168.95,4888.18,253.6,6871.51,555.49,1415.74,797.26,328.34,572.49,797.26,1647.77,601.69,478.36,759.74,328.34,492.25,184.13,877.17,840.01,889.06,949.88,1375.87,1316.03,646.59,199.36,1056.35,251.68,835.34,1468.39,774.37,3368.83,251.68,268.35,797.95,320.9,1056.35,877.14,1376.98,119.11,251.68,329.2,545.76,1016.29,318.16,570.35,314.97,632.13,1142.79,871.24,890.03,2308.93,2056.27,783,0.99856991080756
APLRTITADTFRKLF,263.28,1062.75,4093.8,148.74,4623.5,547.56,1236.78,814.58,356.02,594.93,814.58,1621.47,639.97,452.88,712.2,356.02,441.97,162.28,705.54,781.25,857.16,809.74,1031.03,1105.06,635.75,212.64,684.54,170.81,536.54,1016.73,688.99,2575.44,170.81,213.6,638.4,202.41,684.54,728.45,879.38,80.03,170.81,289.07,435.44,883.41,300.44,470.98,251.65,580.07,988.91,617.3,677.24,1861.88,1520.39,693.74,0.997021230259971
PLRTITADTFRKLFR,276.8,999.72,3552.99,109.02,3733.2,623.15,1071.42,919.65,417.89,725.24,919.65,1790.13,768.06,478.9,761.38,417.89,480.72,167.81,536.22,696.72,940.16,603.54,616.54,961.1,716.18,235.47,402.08,116.97,282.41,530.17,709.27,1681.41,116.97,204.69,546.62,126.36,402.08,666.1,434.75,58.32,116.97,270.85,402.02,837.99,303.61,408.6,196.16,619.53,997.04,483.85,643.16,1531.09,1086.93,685.52,0.997021230259971
LRTITADTFRKLFRV,299.24,928.46,2982.13,101.17,3417.73,744.46,989.24,1195.11,534.07,958.6,1195.11,2185.47,1036.53,508.03,865.55,534.07,510.91,177.5,449.51,727.93,1133.37,517.45,444.41,924.88,819.77,283.27,278.87,96.24,191.96,350.22,658.9,1245.43,96.24,194.77,498.12,98.86,278.87,619.87,280.06,49.91,96.24,274.29,416.4,920.87,334.27,402.16,181.96,683.02,1076.2,350,605.09,1182.68,825.22,662.88,0.998573274766668
RTITADTFRKLFRVY,395.19,1005.85,3448.49,138.35,4561.59,1158.69,1241.62,1928.25,869.88,1469.46,1928.25,3209.85,1683.14,644.19,1217.39,869.88,737.27,252.17,322.65,775.39,1681.74,466.19,320.62,1149.94,1110.28,446.21,203.96,117.62,138.38,236.68,810.96,760.61,117.62,282.1,615.32,96.04,203.96,755.14,157.48,61.01,117.62,367.13,601.49,1299.85,496.67,523.56,229.21,973.84,1491.86,340.05,797.88,1106.83,580.33,706.49,0.999455317680047
TITADTFRKLFRVYS,271.49,518.71,2516,272.86,7331.52,1030.03,1013.3,1903.52,698.32,841.38,1903.52,3272.62,1319.64,344.59,942.87,698.32,858.36,315.41,129.97,316.58,2002.3,232.1,164.09,1169.4,1125.22,220.46,34.58,125.43,66.34,77.29,791.27,301.43,125.43,525.14,712.44,88.15,34.58,768.84,35.06,71.56,125.43,411.79,874.87,1584.37,611.71,583.78,252.17,1363.51,1990.23,235.74,920.63,536.22,108.8,364.88,0.998705264940075
ITADTFRKLFRVYSN,210.09,395.51,2443.9,1050.87,12786.71,829.59,919.15,1678.43,523.34,588.9,1678.43,3109.38,993.28,255.32,765.42,523.34,908.44,405.27,98.3,213.15,2449.33,180.85,131.31,1259.91,998.67,145.35,24.84,136.97,52.86,55.12,844.52,245.89,136.97,1181.58,884.72,93.34,24.84,819.03,27.46,90.25,136.97,505.46,1320.78,2010.35,765.05,729.2,306.56,1817.97,2932.44,199.3,1041.63,404.43,74.52,289.92,0.998393160095259
TADTFRKLFRVYSNF,140.03,313.57,2162.44,2749.43,16754.07,522.84,694.58,1167.26,329.9,356.95,1167.26,2354.31,621.1,178.93,538.04,329.9,703.4,336.59,78.41,152.82,2270.92,144.67,113.42,1117.43,734.9,94.16,20.95,127.72,46.92,45.6,705.69,200.79,127.72,1565.61,830.61,96.11,20.95,669.42,23.63,93.75,127.72,452.01,1194.68,1900.35,692.85,697.79,270.91,1709.57,2784.36,144.1,733.18,282.45,56.43,204.58,0.99910270952114
ADTFRKLFRVYSNFL,55.96,219.18,1083.02,2765.93,13632.39,259.38,399.66,714.46,183.72,157.09,714.46,1187.68,256.82,117.12,352.7,183.72,111.2,65.68,66.67,114.59,803.45,122.59,103.24,842.7,325.52,52.11,19.32,100.63,44.1,40.91,425.89,180.63,100.63,227.67,448.01,79.9,19.32,319.58,21.88,75.32,100.63,289.22,485.74,1012.07,393.74,543.41,202.18,586.09,1441.83,50.26,92.55,110.08,45.35,86.19,0.999644872352471
DTFRKLFRVYSNFLR,33.8,160.64,621.13,2192,9865.94,153.82,255.57,457.72,123.88,93.02,457.72,683.78,144.03,84.4,259.64,123.88,77.54,45.4,60.59,100.06,504.2,107.81,94.12,728.74,228.89,36.76,18.87,75.51,41.5,38.71,363.84,175.47,75.51,115.08,258.17,61.12,18.87,202.21,20.65,58.2,75.51,208.32,274.89,597.07,298.84,382.25,144.84,386.04,836.24,23.4,45.14,49.74,34.23,51.5,0.999867760315267
TFRKLFRVYSNFLRG,28.25,143.36,512.08,1931.32,9176.34,127.53,210.21,381.44,101.58,83.06,381.44,592.04,121.74,74.89,230.15,101.58,78.13,44.3,59.72,91.7,471.01,102.72,94.33,706.23,219.37,31.88,20.56,68.88,39.95,38.59,369.93,180.24,68.88,110.52,253.83,60.24,20.56,193.42,21.94,53.12,68.88,193.78,241.77,490.68,275.78,344.78,129.18,361.86,720.74,20.69,43.69,41.28,30.99,45.01,0.999644871502708
FRKLFRVYSNFLRGK,24.41,149.34,438.94,1486.33,8264.94,112.83,194.39,350.82,90.45,75.08,350.82,531.18,106.28,72.05,219.39,90.45,73.43,42.05,78.39,120.63,428.02,124.53,118.29,707.14,207.3,30.85,30,60.44,50.53,57.22,382.52,241.1,60.44,93.66,235.04,55.12,30,173.29,31.78,46.62,60.44,184.18,203.72,417.45,271.19,317.64,123.93,334.71,615.31,18.95,37.81,36.44,34.59,40.7,0.999102813046794
RKLFRVYSNFLRGKL,27.48,183.56,480.96,1290.24,7987.4,128.02,211.55,409.83,105.74,84.76,409.83,611.37,124.85,84.95,250.22,105.74,79.4,42.53,120.07,201.52,471.49,190.4,156.38,783.95,208.66,39.17,56.44,62.21,65.42,88.83,449.93,364.37,62.21,94.78,234.75,56.18,56.44,178.51,48.75,45.95,62.21,190.63,208.03,452.84,289.19,325.28,129.8,353.02,624.95,19.64,40.45,36.61,42.29,46.27,0.998393271237581
KLFRVYSNFLRGKLK,39.77,218.56,625.96,1450.28,9097.06,210.26,277.64,633.01,171.03,137.58,633.01,975.32,204.95,118.42,365.64,171.03,115.62,55.93,142.1,256.91,686.73,213.13,164.72,964.05,273.96,56.73,59.41,72.09,62.48,84.97,574.38,363.7,72.09,150.26,299.39,60.33,59.41,254.24,50.47,52.18,72.09,241.79,292.15,603.64,383.28,411.95,159.83,493.76,884.47,26.74,66.85,48.93,50.08,69.02,0.998738496337124
LFRVYSNFLRGKLKL,63.88,218.18,741.66,1539.44,10565.1,412.31,382.38,1100.6,335.88,277.75,1100.6,1690.92,474.54,186.31,566.36,335.88,166.62,80.23,152.89,316.45,1159.47,204.45,148.08,1128.1,350.96,88.28,59.87,63.97,50.41,69.96,752.52,309.05,63.97,261.36,364.01,54.8,59.87,351.75,49.31,44.2,63.97,305.6,468.9,880.19,522.95,475.15,197.65,749.45,1276.8,39.83,149.95,74.08,58.38,107.93,0.999457549781835
FRVYSNFLRGKLKLY,87.42,200.94,764.38,1628.73,12162.72,739.18,493.42,1626.74,586.86,604.39,1626.74,2820.44,1039.58,304.71,831.12,586.86,225.43,99.23,170.42,409.64,1941.58,209.42,151.85,1286.38,339.37,130.77,58.94,63.87,44.63,62.72,799.12,255.49,63.87,481.79,463.33,55.02,58.94,468.51,45.98,42.04,63.87,367.55,720.32,1270.61,663.57,572.25,230.94,1080.87,1721.17,78.4,439.81,148.37,71.64,171.37,0.998519827370893
RVYSNFLRGKLKLYT,90.64,196.45,893.63,1679.34,14227.64,1343.38,651.24,2265.05,872.38,1208.45,2265.05,4247.06,1848.37,482.56,1194.72,872.38,304.23,134.96,197.09,526.71,2853.72,211.12,170.39,1495.3,392.83,194.78,59.53,64.9,44.73,66.28,845.62,264.38,64.9,801.41,594.09,58.53,59.53,664.86,45.69,42.92,64.9,429.63,1114.62,1748.2,796.75,647.87,266.56,1553.53,2398.48,176.62,936.74,343.16,113.64,286.25,0.995967116165242
VYSNFLRGKLKLYTG,102.51,234.98,1090.41,2156.43,16707.18,1800.39,750.4,2765.75,1072.67,1584.73,2765.75,5510.76,2447.42,591.61,1439.08,1072.67,419.44,181.54,231,650.32,3777.08,218.68,185.63,1809.27,502.5,241.17,66.73,75.75,48.34,70.3,1013.9,302.26,75.75,1359.79,836.99,70.56,66.73,899.7,53.84,49.25,75.75,539.5,1647.16,2408.94,998.73,793.79,321.18,2185.16,3397.93,216.92,1266.44,446.49,142.38,373.89,0.989064050688554
YSNFLRGKLKLYTGE,123.9,293.65,1363.09,2544.06,18033.22,2092.35,916.01,3173.59,1265.99,1873.81,3173.59,6161.83,2827.1,699.84,1677.83,1265.99,601.89,247.09,283.74,802.14,4535.31,261.42,223.29,2135.47,630.57,306.44,80.62,93.16,55.64,83.66,1212.13,391.65,93.16,1805.03,1080.12,84.1,80.62,1187.93,67.21,58.03,93.16,647.44,2053.8,3057.9,1160.02,952.03,397.09,2638.85,4022.8,285.3,1717.71,642.47,203.69,485.51,0.970809333292902
SNFLRGKLKLYTGEA,199.12,451.06,2192.31,3221.64,19766.08,2377.27,1185.94,3391.58,1319.72,2116.31,3391.58,6628.41,3031.74,805.58,1871.07,1319.72,1089.53,422.37,360.73,966.08,5207.81,311.46,275.54,2344.52,953.25,379.35,104.8,121.94,71.02,106.81,1455.69,558.32,121.94,2544.06,1495.46,111.43,104.8,1629,97.39,76.9,121.94,798.74,2564.7,3721.43,1266.29,1134.78,496.52,3274.57,4894.58,366.8,2014.34,989.84,375.88,768.11,0.924244380713021
NFLRGKLKLYTGEAC,237.27,651.29,2921.32,4351.11,20835.75,1947.62,1325.04,2750.41,1067.74,1525.28,2750.41,5142.35,2290.04,686.12,1586.09,1067.74,1143.78,494.2,441.67,1096.72,4262.07,436.59,363.84,2458.49,864.81,294.79,157.24,203.04,113.21,161.99,1496.45,760.93,203.04,2345.51,1856.37,181.09,157.24,1872.73,151.21,127.72,203.04,859.91,2679.06,3958.34,1203.19,1341.81,695.95,2866.56,4530.89,296.78,1044.55,845.44,553.98,670.83,0.818166478503461
FLRGKLKLYTGEACR,207.08,750.63,3441.22,5161.25,21413.76,1413.67,1232.27,2189.35,758.54,1069.75,2189.35,4041.12,1587.87,572.65,1417.09,758.54,1132.63,582.82,560.56,1096.93,3750.37,539.35,528.83,2559.88,792.78,237.49,311.47,366.98,237.15,334.2,1647.77,1129.13,366.98,2088.62,2181.05,338.88,311.47,2106.32,300.33,204.22,366.98,853.3,2700.63,4044.58,1116.79,1457.11,826.11,2757.83,4265.02,219.56,723,698.55,715.56,536.54,0.622459331201855
LRGKLKLYTGEACRT,138.63,848.73,3234.32,5162.81,21345.98,1123.81,1265.17,1914.03,686.96,911.67,1914.03,3350.62,1266.23,612.95,1374.12,686.96,867.88,485.53,793.5,1255.78,3443.16,834.42,1013.55,3063.43,582.65,198.44,646.16,567.43,567.74,840.05,1931.46,2310.28,567.43,1618.79,2206.61,569.43,646.16,2011.09,711.86,291.19,567.43,861.12,2194.87,3675.65,1086.11,1515.05,900.51,2361.53,3554.02,190.02,617.46,654.23,813.89,433.64,0.377540668798145
RGKLKLYTGEACRTG,117.45,929.92,3173.72,5613.49,21321.28,1169.64,1492.71,1999.38,737.72,1013.3,1999.38,3418.88,1349.06,731.26,1570.02,737.72,944.77,516.16,1150.21,1492.26,3756.1,1276.84,1623.96,3834.57,579.86,214.56,1208.44,821.87,1175.77,1814.14,2382.86,3742.71,821.87,1726.02,2410.55,922.36,1208.44,2129.97,1363.53,427.9,821.87,940.43,2148.35,3733.41,1213.05,1632.67,1035.94,2490.97,3574.04,210.53,700.42,742.87,898.77,439.76,0.182425523806356
GKLKLYTGEACRTGD,158.9,1282.68,4148.51,6520.78,22510.65,1521.69,2115.94,2642.85,1039.08,1426.66,2642.85,4254.05,1757.95,1046.34,2133.46,1039.08,1256.08,686.9,1603.93,1999.29,4728.84,1766.37,2215.85,4900.68,743.4,294.91,1756.82,1199.05,1617.79,2456.71,3155.71,5013.03,1199.05,2385.59,3104.51,1334.32,1756.82,2798.68,1978.87,620.87,1199.05,1206.66,2757.38,4707.75,1541.86,2147.79,1369.99,3040.74,4407.21,310.54,1014.58,1109.47,1256.54,592.25,0
KLKLYTGEACRTGDR,174.05,1481.69,4459.5,6512.46,22533.31,1733.77,2540.04,3222.79,1314.95,1767.23,3222.79,4919.75,2083.27,1360.71,2639.25,1314.95,1399.43,754.37,2055.62,2467.74,5553.68,2188.23,2592.15,5681.07,807.29,361.86,1969.62,1346.32,1845.32,2726.79,3841.09,6131.77,1346.32,2803.35,3388.9,1540.06,1969.62,3202.87,2390.27,693.74,1346.32,1416.11,2941.81,5126.52,1781.01,2412.74,1512.94,3326.31,4796.6,461.94,1424.78,1562.73,1472.02,715.87,0
