CohortMemberID,Allele_1,Allele_2,Allele1index,Allele2index,KDeff1,KDeff2,Homozygous,PhiNumerator,Phi
1,HLA-DRB1*01:01,HLA-DRB1*01:01,1,1,0.101690904183299,0.101690904183299,1,5.85555051390942,0.297728113125216
2,HLA-DRB1*01:01,HLA-DRB1*01:02,1,2,0.101690904183299,1.07169219034871,0,3.19814218175697,0.297036702833706
3,HLA-DRB1*01:01,HLA-DRB1*03:01,1,4,0.101690904183299,1.81298271764854,0,3.10095906560642,0.298591233081357
4,HLA-DRB1*01:01,HLA-DRB1*03:02,1,5,0.101690904183299,12.8536224788984,0,2.95015521466584,0.297649112580736
5,HLA-DRB1*01:01,HLA-DRB1*04:01,1,6,0.101690904183299,0.38478045317443,0,3.73605699360308,0.300504741327259
6,HLA-DRB1*01:01,HLA-DRB1*04:03,1,8,0.101690904183299,1.01402590616234,0,3.21774168372841,0.297391368413453
7,HLA-DRB1*01:01,HLA-DRB1*04:04,1,9,0.101690904183299,0.384863588112383,0,3.71199570915701,0.29858288651129
8,HLA-DRB1*01:01,HLA-DRB1*04:05,1,10,0.101690904183299,0.460865175759214,0,3.60562643844268,0.300379927779511
9,HLA-DRB1*01:01,HLA-DRB1*04:06,1,11,0.101690904183299,1.01402590616234,0,3.21774168372841,0.297391368413453
10,HLA-DRB1*01:01,HLA-DRB1*04:07,1,12,0.101690904183299,1.44405080085976,0,3.14059931386602,0.298359717631681
11,HLA-DRB1*01:01,HLA-DRB1*04:08,1,13,0.101690904183299,0.440783843684875,0,3.64447709401665,0.301136553008261
12,HLA-DRB1*01:01,HLA-DRB1*04:11,1,15,0.101690904183299,1.25790968136806,0,3.15922748378513,0.297235805783582
13,HLA-DRB1*01:01,HLA-DRB1*07:01,1,17,0.101690904183299,0.294957567949907,0,3.9150425034894,0.296054964513613
14,HLA-DRB1*01:01,HLA-DRB1*08:01,1,19,0.101690904183299,1.06545198540982,0,3.17224591339834,0.294482037889166
15,HLA-DRB1*01:01,HLA-DRB1*08:02,1,20,0.101690904183299,0.841469517943863,0,3.22820806932667,0.292884539949148
16,HLA-DRB1*01:01,HLA-DRB1*08:04,1,22,0.101690904183299,1.24262217501292,0,3.1354938134351,0.294731620900446
17,HLA-DRB1*01:01,HLA-DRB1*09:01,1,25,0.101690904183299,0.317318451798178,0,3.87161665310778,0.298157723925997
18,HLA-DRB1*01:01,HLA-DRB1*10:01,1,26,0.101690904183299,0.130720772143898,0,5.22149706120976,0.298650886431411
19,HLA-DRB1*01:01,HLA-DRB1*11:01,1,27,0.101690904183299,0.844067642595123,0,3.22042303821184,0.292275229967651
20,HLA-DRB1*01:01,HLA-DRB1*11:02,1,28,0.101690904183299,0.469310190819081,0,3.44746171009677,0.288140697991652
21,HLA-DRB1*01:01,HLA-DRB1*11:04,1,30,0.101690904183299,1.49811025405856,0,3.10690189923368,0.295860794523655
22,HLA-DRB1*01:01,HLA-DRB1*12:01,1,31,0.101690904183299,2.06737518527669,0,3.06470368569521,0.297041489428862
23,HLA-DRB1*01:01,HLA-DRB1*13:01,1,33,0.101690904183299,0.469310190819081,0,3.44746171009677,0.288140697991652
24,HLA-DRB1*01:01,HLA-DRB1*13:02,1,34,0.101690904183299,0.45695293712206,0,3.57189145673743,0.297109692403248
25,HLA-DRB1*01:01,HLA-DRB1*14:01,1,42,0.101690904183299,0.766688065667836,0,3.29450349909801,0.295788638107735
26,HLA-DRB1*01:01,HLA-DRB1*14:02,1,43,0.101690904183299,1.00913622102042,0,3.20366513712232,0.295959675498274
27,HLA-DRB1*01:01,HLA-DRB1*15:01,1,50,0.101690904183299,0.603757342364512,0,3.36001903301227,0.29242945396525
28,HLA-DRB1*01:01,HLA-DRB1*15:02,1,51,0.101690904183299,0.93448616956926,0,3.23937470177792,0.297086005405348
29,HLA-DRB1*01:01,HLA-DRB1*16:01,1,53,0.101690904183299,1.08339722983778,0,3.18034995029203,0.295661033231573
30,HLA-DRB1*01:01,HLA-DRB1*16:02,1,54,0.101690904183299,0.452688270619241,0,3.58541189701951,0.297723762146812
31,HLA-DRB1*01:02,HLA-DRB1*01:03,2,3,1.07169219034871,2.92640811140812,0,0.367662547409086,0.288403591636407
32,HLA-DRB1*01:02,HLA-DRB1*03:01,2,4,1.07169219034871,1.81298271764854,0,0.443550733453963,0.298751541571728
33,HLA-DRB1*01:02,HLA-DRB1*03:02,2,5,1.07169219034871,12.8536224788984,0,0.292746882513393,0.289589537543793
34,HLA-DRB1*01:02,HLA-DRB1*04:01,2,6,1.07169219034871,0.38478045317443,0,1.07864866145064,0.305394171888924
35,HLA-DRB1*01:02,HLA-DRB1*04:03,2,8,1.07169219034871,1.01402590616234,0,0.560333351575956,0.291951008598698
36,HLA-DRB1*01:02,HLA-DRB1*04:05,2,10,1.07169219034871,0.460865175759214,0,0.948218106290229,0.305587413717426
37,HLA-DRB1*01:02,HLA-DRB1*04:07,2,12,1.07169219034871,1.44405080085976,0,0.483190981713568,0.297238517273563
38,HLA-DRB1*01:02,HLA-DRB1*04:11,2,15,1.07169219034871,1.25790968136806,0,0.501819151632672,0.290392269505704
39,HLA-DRB1*01:02,HLA-DRB1*07:01,2,17,1.07169219034871,0.294957567949907,0,1.25763417133695,0.290888605607002
40,HLA-DRB1*01:02,HLA-DRB1*08:04,2,22,1.07169219034871,1.24262217501292,0,0.478085481282646,0.27510112686698
41,HLA-DRB1*01:02,HLA-DRB1*09:01,2,25,1.07169219034871,0.317318451798178,0,1.21420832095533,0.297271328648092
42,HLA-DRB1*01:02,HLA-DRB1*10:01,2,26,1.07169219034871,0.130720772143898,0,2.5640887290573,0.298740477349772
43,HLA-DRB1*01:02,HLA-DRB1*11:01,2,27,1.07169219034871,0.844067642595123,0,0.563014706059391,0.265843467720236
44,HLA-DRB1*01:02,HLA-DRB1*11:02,2,28,1.07169219034871,0.469310190819081,0,0.790053377944324,0.257859523148666
45,HLA-DRB1*01:02,HLA-DRB1*13:01,2,33,1.07169219034871,0.469310190819081,0,0.790053377944324,0.257859523148666
46,HLA-DRB1*01:02,HLA-DRB1*13:02,2,34,1.07169219034871,0.45695293712206,0,0.914483124584981,0.292961505238445
47,HLA-DRB1*01:02,HLA-DRB1*14:01,2,42,1.07169219034871,0.766688065667836,0,0.637095166945564,0.284746065813341
48,HLA-DRB1*01:02,HLA-DRB1*14:06,2,47,1.07169219034871,0.71723155694949,0,0.643144770634066,0.27634166440196
49,HLA-DRB1*01:02,HLA-DRB1*15:03,2,52,1.07169219034871,1.60822189287739,0,0.438775696254352,0.282187471999144
50,HLA-DRB1*01:03,HLA-DRB1*04:04,3,9,2.92640811140812,0.384863588112383,0,0.881516074809127,0.2998314156727
51,HLA-DRB1*01:03,HLA-DRB1*08:01,3,19,2.92640811140812,1.06545198540982,0,0.341766279050453,0.266945542236219
52,HLA-DRB1*01:03,HLA-DRB1*08:02,3,20,2.92640811140812,0.841469517943863,0,0.39772843497879,0.259934025123746
53,HLA-DRB1*01:03,HLA-DRB1*09:01,3,25,2.92640811140812,0.317318451798178,0,1.0411370187599,0.298053255542698
54,HLA-DRB1*01:03,HLA-DRB1*13:01,3,33,2.92640811140812,0.469310190819081,0,0.616982075748895,0.249537470597687
55,HLA-DRB1*01:03,HLA-DRB1*13:02,3,34,2.92640811140812,0.45695293712206,0,0.741411822389553,0.293033671728712
56,HLA-DRB1*03:01,HLA-DRB1*03:01,4,4,1.81298271764854,1.81298271764854,1,0.346367617303412,0.313979252062095
57,HLA-DRB1*03:01,HLA-DRB1*03:02,4,5,1.81298271764854,12.8536224788984,0,0.195563766362841,0.310726287032275
58,HLA-DRB1*03:01,HLA-DRB1*04:01,4,6,1.81298271764854,0.38478045317443,0,0.981465545300084,0.311530686931154
59,HLA-DRB1*03:01,HLA-DRB1*04:02,4,7,1.81298271764854,1.33306774900868,0,0.383892760114979,0.294910423373042
60,HLA-DRB1*03:01,HLA-DRB1*04:03,4,8,1.81298271764854,1.01402590616234,0,0.463150235425406,0.301187865335232
61,HLA-DRB1*03:01,HLA-DRB1*04:04,4,9,1.81298271764854,0.384863588112383,0,0.957404260854004,0.303947464897835
62,HLA-DRB1*03:01,HLA-DRB1*04:05,4,10,1.81298271764854,0.460865175759214,0,0.85103499013968,0.31271849244511
63,HLA-DRB1*03:01,HLA-DRB1*04:06,4,11,1.81298271764854,1.01402590616234,0,0.463150235425406,0.301187865335232
64,HLA-DRB1*03:01,HLA-DRB1*04:07,4,12,1.81298271764854,1.44405080085976,0,0.386007865563017,0.310277341857298
65,HLA-DRB1*03:01,HLA-DRB1*04:11,4,15,1.81298271764854,1.25790968136806,0,0.40463603548212,0.300499034714777
66,HLA-DRB1*03:01,HLA-DRB1*07:01,4,17,1.81298271764854,0.294957567949907,0,1.1604510551864,0.294389103987297
67,HLA-DRB1*03:01,HLA-DRB1*08:01,4,19,1.81298271764854,1.06545198540982,0,0.417654465095331,0.280277538022804
68,HLA-DRB1*03:01,HLA-DRB1*08:02,4,20,1.81298271764854,0.841469517943863,0,0.473616621023668,0.272197462687256
69,HLA-DRB1*03:01,HLA-DRB1*08:03,4,21,1.81298271764854,2.16291407366611,0,0.299365227193941,0.295256305987391
70,HLA-DRB1*03:01,HLA-DRB1*08:04,4,22,1.81298271764854,1.24262217501292,0,0.380902365132094,0.280833709298806
71,HLA-DRB1*03:01,HLA-DRB1*09:01,4,25,1.81298271764854,0.317318451798178,0,1.11702520480478,0.301655298390166
72,HLA-DRB1*03:01,HLA-DRB1*10:01,4,26,1.81298271764854,0.130720772143898,0,2.46690561290675,0.300788194886942
73,HLA-DRB1*03:01,HLA-DRB1*11:01,4,27,1.81298271764854,0.844067642595123,0,0.465831589908839,0.268287270233394
74,HLA-DRB1*03:01,HLA-DRB1*11:02,4,28,1.81298271764854,0.469310190819081,0,0.692870261793772,0.258305818968104
75,HLA-DRB1*03:01,HLA-DRB1*11:04,4,30,1.81298271764854,1.49811025405856,0,0.352310450930676,0.288995840260111
76,HLA-DRB1*03:01,HLA-DRB1*12:01,4,31,1.81298271764854,2.06737518527669,0,0.310112237392203,0.299543626424194
77,HLA-DRB1*03:01,HLA-DRB1*12:02,4,32,1.81298271764854,4.04946820922533,0,0.240564136407357,0.301261282319373
78,HLA-DRB1*03:01,HLA-DRB1*13:01,4,33,1.81298271764854,0.469310190819081,0,0.692870261793772,0.258305818968104
79,HLA-DRB1*03:01,HLA-DRB1*13:02,4,34,1.81298271764854,0.45695293712206,0,0.817300008434429,0.298286153770447
80,HLA-DRB1*03:01,HLA-DRB1*14:01,4,42,1.81298271764854,0.766688065667836,0,0.539912050795015,0.290918341635076
81,HLA-DRB1*03:01,HLA-DRB1*14:02,4,43,1.81298271764854,1.00913622102042,0,0.449073688819318,0.291129192730283
82,HLA-DRB1*03:01,HLA-DRB1*14:06,4,47,1.81298271764854,0.71723155694949,0,0.545961654483514,0.280580763933397
83,HLA-DRB1*03:01,HLA-DRB1*15:01,4,50,1.81298271764854,0.603757342364512,0,0.605427584709268,0.274213197536845
84,HLA-DRB1*03:01,HLA-DRB1*15:02,4,51,1.81298271764854,0.93448616956926,0,0.484783253474914,0.298938167710308
85,HLA-DRB1*03:01,HLA-DRB1*15:03,4,52,1.81298271764854,1.60822189287739,0,0.341592580103801,0.291117969909501
86,HLA-DRB1*03:01,HLA-DRB1*16:01,4,53,1.81298271764854,1.08339722983778,0,0.42575850198902,0.28872818584307
87,HLA-DRB1*03:01,HLA-DRB1*16:02,4,54,1.81298271764854,0.452688270619241,0,0.830820448716504,0.300956161840875
88,HLA-DRB1*03:02,HLA-DRB1*03:02,5,5,12.8536224788984,12.8536224788984,1,0.0447599154222711,0.287663527512648
89,HLA-DRB1*03:02,HLA-DRB1*04:03,5,8,12.8536224788984,1.01402590616234,0,0.312346384484835,0.293567687794382
90,HLA-DRB1*03:02,HLA-DRB1*04:04,5,9,12.8536224788984,0.384863588112383,0,0.806600409913434,0.301406407344592
91,HLA-DRB1*03:02,HLA-DRB1*07:01,5,17,12.8536224788984,0.294957567949907,0,1.00964720424583,0.291122569832166
92,HLA-DRB1*03:02,HLA-DRB1*08:04,5,22,12.8536224788984,1.24262217501292,0,0.230098514191524,0.260720406902002
93,HLA-DRB1*03:02,HLA-DRB1*08:06,5,23,12.8536224788984,1.75920678626479,0,0.177684914142678,0.274953136723395
94,HLA-DRB1*03:02,HLA-DRB1*09:01,5,25,12.8536224788984,0.317318451798178,0,0.966221353864205,0.299213163736134
95,HLA-DRB1*03:02,HLA-DRB1*11:01,5,27,12.8536224788984,0.844067642595123,0,0.315027738968269,0.24951936191851
96,HLA-DRB1*03:02,HLA-DRB1*11:02,5,28,12.8536224788984,0.469310190819081,0,0.542066410853202,0.245435957349422
97,HLA-DRB1*03:02,HLA-DRB1*11:04,5,30,12.8536224788984,1.49811025405856,0,0.201506599990106,0.270367356018985
98,HLA-DRB1*03:02,HLA-DRB1*12:01,5,31,12.8536224788984,2.06737518527669,0,0.159308386451633,0.28371716778857
99,HLA-DRB1*03:02,HLA-DRB1*13:01,5,33,12.8536224788984,0.469310190819081,0,0.542066410853202,0.245435957349422
100,HLA-DRB1*03:02,HLA-DRB1*13:02,5,34,12.8536224788984,0.45695293712206,0,0.666496157493859,0.294101901797791
101,HLA-DRB1*03:02,HLA-DRB1*13:03,5,35,12.8536224788984,1.58331726092463,0,0.193983336812543,0.273453047932096
102,HLA-DRB1*03:02,HLA-DRB1*13:27,5,40,12.8536224788984,0.250485103378199,0,1.0352392360598,0.254355256330068
103,HLA-DRB1*03:02,HLA-DRB1*14:01,5,42,12.8536224788984,0.766688065667836,0,0.389108199854444,0.281531903415221
104,HLA-DRB1*03:02,HLA-DRB1*15:03,5,52,12.8536224788984,1.60822189287739,0,0.19078872916323,0.272709672387806
105,HLA-DRB1*03:02,HLA-DRB1*16:02,5,54,12.8536224788984,0.452688270619241,0,0.680016597775934,0.297362797314136
106,HLA-DRB1*04:01,HLA-DRB1*04:01,6,6,0.38478045317443,0.38478045317443,1,1.61656347329676,0.311011012920178
107,HLA-DRB1*04:01,HLA-DRB1*04:03,6,8,0.38478045317443,1.01402590616234,0,1.09824816342208,0.306340868887472
108,HLA-DRB1*04:01,HLA-DRB1*04:04,6,9,0.38478045317443,0.384863588112383,0,1.59250218885068,0.306414951521108
109,HLA-DRB1*04:01,HLA-DRB1*04:05,6,10,0.38478045317443,0.460865175759214,0,1.48613291813635,0.311642112990466
110,HLA-DRB1*04:01,HLA-DRB1*04:07,6,12,0.38478045317443,1.44405080085976,0,1.02110579355969,0.310236276126205
111,HLA-DRB1*04:01,HLA-DRB1*07:01,6,17,0.38478045317443,0.294957567949907,0,1.79554898318307,0.299797660824
112,HLA-DRB1*04:01,HLA-DRB1*08:01,6,19,0.38478045317443,1.06545198540982,0,1.052752393092,0.297601768027677
113,HLA-DRB1*04:01,HLA-DRB1*08:03,6,21,0.38478045317443,2.16291407366611,0,0.934463155190613,0.305258029564622
114,HLA-DRB1*04:01,HLA-DRB1*09:01,6,25,0.38478045317443,0.317318451798178,0,1.75212313280145,0.304701544992406
115,HLA-DRB1*04:01,HLA-DRB1*10:01,6,26,0.38478045317443,0.130720772143898,0,3.10200354090342,0.302670569273103
116,HLA-DRB1*04:01,HLA-DRB1*11:01,6,27,0.38478045317443,0.844067642595123,0,1.10092951790551,0.290972247721468
117,HLA-DRB1*04:01,HLA-DRB1*11:04,6,30,0.38478045317443,1.49811025405856,0,0.987408378927348,0.302293267271951
118,HLA-DRB1*04:01,HLA-DRB1*12:02,6,32,0.38478045317443,4.04946820922533,0,0.875662064404029,0.307699993780781
119,HLA-DRB1*04:01,HLA-DRB1*13:01,6,33,0.38478045317443,0.469310190819081,0,1.32796818979044,0.280773873931905
120,HLA-DRB1*04:01,HLA-DRB1*13:02,6,34,0.38478045317443,0.45695293712206,0,1.4523979364311,0.303386004737357
121,HLA-DRB1*04:01,HLA-DRB1*13:03,6,35,0.38478045317443,1.58331726092463,0,0.979885115749785,0.303325870132966
122,HLA-DRB1*04:01,HLA-DRB1*14:01,6,42,0.38478045317443,0.766688065667836,0,1.17500997879169,0.301037910480855
123,HLA-DRB1*04:01,HLA-DRB1*14:05,6,46,0.38478045317443,1.1696151132684,0,1.03840421143169,0.300649762535069
124,HLA-DRB1*04:01,HLA-DRB1*15:01,6,50,0.38478045317443,0.603757342364512,0,1.24052551270594,0.291533085317331
125,HLA-DRB1*04:02,HLA-DRB1*04:04,7,9,1.33306774900868,0.384863588112383,0,0.994929403665571,0.297129320869642
126,HLA-DRB1*04:02,HLA-DRB1*04:07,7,12,1.33306774900868,1.44405080085976,0,0.423533008374583,0.293580723948428
127,HLA-DRB1*04:02,HLA-DRB1*08:04,7,22,1.33306774900868,1.24262217501292,0,0.418427507943661,0.269102647161879
128,HLA-DRB1*04:02,HLA-DRB1*09:01,7,25,1.33306774900868,0.317318451798178,0,1.15455034761634,0.295920356111432
129,HLA-DRB1*04:02,HLA-DRB1*11:01,7,27,1.33306774900868,0.844067642595123,0,0.503356732720406,0.260147656333113
130,HLA-DRB1*04:02,HLA-DRB1*15:01,7,50,1.33306774900868,0.603757342364512,0,0.642952727520836,0.267179595025792
131,HLA-DRB1*04:03,HLA-DRB1*04:03,8,8,1.01402590616234,1.01402590616234,1,0.579932853547399,0.294033468665856
132,HLA-DRB1*04:03,HLA-DRB1*04:05,8,10,1.01402590616234,0.460865175759214,0,0.967817608261672,0.306659563368908
133,HLA-DRB1*04:03,HLA-DRB1*04:07,8,12,1.01402590616234,1.44405080085976,0,0.50279048368501,0.299518146782927
134,HLA-DRB1*04:03,HLA-DRB1*04:10,8,14,1.01402590616234,0.634208791474096,0,0.751585293039715,0.293251693809226
135,HLA-DRB1*04:03,HLA-DRB1*04:11,8,15,1.01402590616234,1.25790968136806,0,0.521418653604113,0.292744712423941
136,HLA-DRB1*04:03,HLA-DRB1*07:01,8,17,1.01402590616234,0.294957567949907,0,1.2772336733084,0.291839982315561
137,HLA-DRB1*04:03,HLA-DRB1*08:02,8,20,1.01402590616234,0.841469517943863,0,0.590399239145662,0.271502192005363
138,HLA-DRB1*04:03,HLA-DRB1*10:01,8,26,1.01402590616234,0.130720772143898,0,2.58368823102874,0.299174359453306
139,HLA-DRB1*04:03,HLA-DRB1*11:01,8,27,1.01402590616234,0.844067642595123,0,0.582614208030833,0.268373603917177
140,HLA-DRB1*04:03,HLA-DRB1*11:04,8,30,1.01402590616234,1.49811025405856,0,0.46909306905267,0.283666903765984
141,HLA-DRB1*04:03,HLA-DRB1*12:01,8,31,1.01402590616234,2.06737518527669,0,0.426894855514197,0.290429708311543
142,HLA-DRB1*04:03,HLA-DRB1*13:01,8,33,1.01402590616234,0.469310190819081,0,0.809652879915766,0.259757642924843
143,HLA-DRB1*04:03,HLA-DRB1*13:02,8,34,1.01402590616234,0.45695293712206,0,0.934082626556424,0.294238428013839
144,HLA-DRB1*04:03,HLA-DRB1*13:03,8,35,1.01402590616234,1.58331726092463,0,0.461569805875106,0.285315295585424
145,HLA-DRB1*04:03,HLA-DRB1*13:04,8,36,1.01402590616234,0.756881724156382,0,0.639789870915722,0.277279983876285
146,HLA-DRB1*04:03,HLA-DRB1*14:03,8,44,1.01402590616234,1.49964300954185,0,0.457325222370707,0.276664870052194
147,HLA-DRB1*04:03,HLA-DRB1*14:06,8,47,1.01402590616234,0.71723155694949,0,0.662744272605508,0.278415086447454
148,HLA-DRB1*04:03,HLA-DRB1*14:07,8,48,1.01402590616234,1.2329465960497,0,0.525322387307144,0.292295054870344
149,HLA-DRB1*04:03,HLA-DRB1*15:01,8,50,1.01402590616234,0.603757342364512,0,0.722210202831261,0.273309521028732
150,HLA-DRB1*04:03,HLA-DRB1*15:02,8,51,1.01402590616234,0.93448616956926,0,0.601565871596907,0.292551289411846
151,HLA-DRB1*04:04,HLA-DRB1*04:04,9,9,0.384863588112383,0.384863588112383,1,1.5684409044046,0.301817897105693
152,HLA-DRB1*04:04,HLA-DRB1*04:05,9,10,0.384863588112383,0.460865175759214,0,1.46207163369027,0.306632558774431
153,HLA-DRB1*04:04,HLA-DRB1*04:07,9,12,0.384863588112383,1.44405080085976,0,0.99704450911361,0.302977561310809
154,HLA-DRB1*04:04,HLA-DRB1*04:11,9,15,0.384863588112383,1.25790968136806,0,1.01567267903271,0.299317718974092
155,HLA-DRB1*04:04,HLA-DRB1*07:01,9,17,0.384863588112383,0.294957567949907,0,1.77148769873699,0.295807944319067
156,HLA-DRB1*04:04,HLA-DRB1*08:01,9,19,0.384863588112383,1.06545198540982,0,1.02869110864592,0.290846058803025
157,HLA-DRB1*04:04,HLA-DRB1*08:02,9,20,0.384863588112383,0.841469517943863,0,1.08465326457426,0.286436057828405
158,HLA-DRB1*04:04,HLA-DRB1*08:03,9,21,0.384863588112383,2.16291407366611,0,0.910401870744533,0.297452557238487
159,HLA-DRB1*04:04,HLA-DRB1*08:04,9,22,0.384863588112383,1.24262217501292,0,0.991939008682687,0.291483311848829
160,HLA-DRB1*04:04,HLA-DRB1*09:01,9,25,0.384863588112383,0.317318451798178,0,1.72806184835537,0.300546528652115
161,HLA-DRB1*04:04,HLA-DRB1*11:01,9,27,0.384863588112383,0.844067642595123,0,1.07686823345943,0.284655160302428
162,HLA-DRB1*04:04,HLA-DRB1*11:02,9,28,0.384863588112383,0.469310190819081,0,1.30390690534437,0.275719294831847
163,HLA-DRB1*04:04,HLA-DRB1*11:04,9,30,0.384863588112383,1.49811025405856,0,0.963347094481269,0.294977646358904
164,HLA-DRB1*04:04,HLA-DRB1*13:01,9,33,0.384863588112383,0.469310190819081,0,1.30390690534437,0.275719294831847
165,HLA-DRB1*04:04,HLA-DRB1*13:02,9,34,0.384863588112383,0.45695293712206,0,1.42833665198502,0.298394924197173
166,HLA-DRB1*04:04,HLA-DRB1*13:03,9,35,0.384863588112383,1.58331726092463,0,0.955823831303707,0.295929066146621
167,HLA-DRB1*04:04,HLA-DRB1*14:01,9,42,0.384863588112383,0.766688065667836,0,1.15094869434561,0.294915819305595
168,HLA-DRB1*04:04,HLA-DRB1*14:02,9,43,0.384863588112383,1.00913622102042,0,1.06011033236991,0.295355438570327
169,HLA-DRB1*04:04,HLA-DRB1*14:04,9,45,0.384863588112383,0.904145181782799,0,1.10336399432999,0.297857083210637
170,HLA-DRB1*04:04,HLA-DRB1*14:06,9,47,0.384863588112383,0.71723155694949,0,1.15699829803411,0.289787631215409
171,HLA-DRB1*04:04,HLA-DRB1*15:01,9,50,0.384863588112383,0.603757342364512,0,1.21646422825986,0.285916218597405
172,HLA-DRB1*04:04,HLA-DRB1*16:02,9,54,0.384863588112383,0.452688270619241,0,1.4418570922671,0.299927700310169
173,HLA-DRB1*04:05,HLA-DRB1*04:05,10,10,0.460865175759214,0.460865175759214,1,1.35570236297595,0.312398003895045
174,HLA-DRB1*04:05,HLA-DRB1*07:01,10,17,0.460865175759214,0.294957567949907,0,1.66511842802267,0.29947364424923
175,HLA-DRB1*04:05,HLA-DRB1*08:01,10,19,0.460865175759214,1.06545198540982,0,0.922321837931599,0.296719084434502
176,HLA-DRB1*04:05,HLA-DRB1*08:02,10,20,0.460865175759214,0.841469517943863,0,0.978283993859934,0.291309480682215
177,HLA-DRB1*04:05,HLA-DRB1*08:03,10,21,0.460865175759214,2.16291407366611,0,0.804032600030208,0.305463641096379
178,HLA-DRB1*04:05,HLA-DRB1*09:01,10,25,0.460865175759214,0.317318451798178,0,1.62169257764104,0.304758382039594
179,HLA-DRB1*04:05,HLA-DRB1*10:01,10,26,0.460865175759214,0.130720772143898,0,2.97157298574302,0.302612629580198
180,HLA-DRB1*04:05,HLA-DRB1*11:01,10,27,0.460865175759214,0.844067642595123,0,0.970498962745107,0.289306417059302
181,HLA-DRB1*04:05,HLA-DRB1*11:02,10,28,0.460865175759214,0.469310190819081,0,1.19753763463004,0.27845704771011
182,HLA-DRB1*04:05,HLA-DRB1*12:01,10,31,0.460865175759214,2.06737518527669,0,0.81477961022847,0.307054158950616
183,HLA-DRB1*04:05,HLA-DRB1*12:02,10,32,0.460865175759214,4.04946820922533,0,0.745231509243624,0.308357454219123
184,HLA-DRB1*04:05,HLA-DRB1*13:02,10,34,0.460865175759214,0.45695293712206,0,1.3219673812707,0.30332589048263
185,HLA-DRB1*04:05,HLA-DRB1*14:01,10,42,0.460865175759214,0.766688065667836,0,1.04457942363128,0.300672511508246
186,HLA-DRB1*04:05,HLA-DRB1*15:01,10,50,0.460865175759214,0.603757342364512,0,1.11009495754553,0.290135452858302
187,HLA-DRB1*04:05,HLA-DRB1*15:02,10,51,0.460865175759214,0.93448616956926,0,0.989450626311181,0.305391765983276
188,HLA-DRB1*04:05,HLA-DRB1*16:02,10,54,0.460865175759214,0.452688270619241,0,1.33548782155277,0.304985439843802
189,HLA-DRB1*04:06,HLA-DRB1*07:01,11,17,1.01402590616234,0.294957567949907,0,1.2772336733084,0.291839982315561
190,HLA-DRB1*04:06,HLA-DRB1*08:03,11,21,1.01402590616234,2.16291407366611,0,0.416147845315933,0.287294265401346
191,HLA-DRB1*04:06,HLA-DRB1*09:01,11,25,1.01402590616234,0.317318451798178,0,1.23380782292677,0.298195780956105
192,HLA-DRB1*04:06,HLA-DRB1*14:01,11,42,1.01402590616234,0.766688065667836,0,0.656694668917008,0.286706195533248
193,HLA-DRB1*04:06,HLA-DRB1*15:01,11,50,1.01402590616234,0.603757342364512,0,0.722210202831261,0.273309521028732
194,HLA-DRB1*04:06,HLA-DRB1*15:02,11,51,1.01402590616234,0.93448616956926,0,0.601565871596907,0.292551289411846
195,HLA-DRB1*04:07,HLA-DRB1*04:08,12,13,1.44405080085976,0.440783843684875,0,0.929525893973255,0.313903657580867
196,HLA-DRB1*04:07,HLA-DRB1*07:01,12,17,1.44405080085976,0.294957567949907,0,1.20009130344601,0.293937253577929
197,HLA-DRB1*04:07,HLA-DRB1*08:02,12,20,1.44405080085976,0.841469517943863,0,0.513256869283273,0.272879269651364
198,HLA-DRB1*04:07,HLA-DRB1*08:03,12,21,1.44405080085976,2.16291407366611,0,0.339005475453546,0.293553010058273
199,HLA-DRB1*04:07,HLA-DRB1*11:01,12,27,1.44405080085976,0.844067642595123,0,0.505471838168444,0.269263933715826
200,HLA-DRB1*04:07,HLA-DRB1*11:04,12,30,1.44405080085976,1.49811025405856,0,0.391950699190281,0.288198190296536
201,HLA-DRB1*04:07,HLA-DRB1*12:01,12,31,1.44405080085976,2.06737518527669,0,0.349752485651809,0.29735761290944
202,HLA-DRB1*04:07,HLA-DRB1*13:01,12,33,1.44405080085976,0.469310190819081,0,0.732510510053378,0.259453420883874
203,HLA-DRB1*04:07,HLA-DRB1*13:02,12,34,1.44405080085976,0.45695293712206,0,0.856940256694036,0.297455168371745
204,HLA-DRB1*04:07,HLA-DRB1*13:03,12,35,1.44405080085976,1.58331726092463,0,0.384427436012719,0.290335116922883
205,HLA-DRB1*04:07,HLA-DRB1*14:02,12,43,1.44405080085976,1.00913622102042,0,0.488713937078924,0.290306214162562
206,HLA-DRB1*04:07,HLA-DRB1*14:05,12,46,1.44405080085976,1.1696151132684,0,0.44294653169463,0.28623759518446
207,HLA-DRB1*04:07,HLA-DRB1*14:06,12,47,1.44405080085976,0.71723155694949,0,0.58560190274312,0.280629183069725
208,HLA-DRB1*04:07,HLA-DRB1*15:02,12,51,1.44405080085976,0.93448616956926,0,0.524423501734519,0.297527826611728
209,HLA-DRB1*04:08,HLA-DRB1*10:01,13,26,0.440783843684875,0.130720772143898,0,3.01042364131699,0.303513592838831
210,HLA-DRB1*04:08,HLA-DRB1*15:01,13,50,0.440783843684875,0.603757342364512,0,1.14894561311951,0.292726469895083
211,HLA-DRB1*04:10,HLA-DRB1*07:01,14,17,0.634208791474096,0.294957567949907,0,1.44888611280071,0.291697410499992
212,HLA-DRB1*04:10,HLA-DRB1*13:02,14,34,0.634208791474096,0.45695293712206,0,1.10573506604874,0.293674128436898
213,HLA-DRB1*04:10,HLA-DRB1*15:02,14,51,0.634208791474096,0.93448616956926,0,0.773218311089223,0.2921250265946
214,HLA-DRB1*04:10,HLA-DRB1*16:01,14,53,0.634208791474096,1.08339722983778,0,0.714193559603328,0.285701390696491
215,HLA-DRB1*04:11,HLA-DRB1*04:11,15,15,1.25790968136806,1.25790968136806,1,0.462904453660828,0.291145996904174
216,HLA-DRB1*04:11,HLA-DRB1*07:01,15,17,1.25790968136806,0.294957567949907,0,1.21871947336511,0.29119131877703
217,HLA-DRB1*04:11,HLA-DRB1*08:02,15,20,1.25790968136806,0.841469517943863,0,0.531885039202376,0.268172803906035
218,HLA-DRB1*04:11,HLA-DRB1*11:01,15,27,1.25790968136806,0.844067642595123,0,0.524100008087547,0.264735907770469
219,HLA-DRB1*04:11,HLA-DRB1*11:04,15,30,1.25790968136806,1.49811025405856,0,0.410578869109385,0.280742055763417
220,HLA-DRB1*04:11,HLA-DRB1*13:01,15,33,1.25790968136806,0.469310190819081,0,0.751138679972481,0.256733147365097
221,HLA-DRB1*04:11,HLA-DRB1*15:01,15,50,1.25790968136806,0.603757342364512,0,0.663696002887977,0.270756618184353
222,HLA-DRB1*04:68,HLA-DRB1*12:01,16,31,0.384863588112383,2.06737518527669,0,0.921148880942795,0.298877483241622
223,HLA-DRB1*07:01,HLA-DRB1*07:01,17,17,0.294957567949907,0.294957567949907,1,1.97453449306939,0.291201945954475
224,HLA-DRB1*07:01,HLA-DRB1*08:01,17,19,0.294957567949907,1.06545198540982,0,1.23173790297832,0.284539169340231
225,HLA-DRB1*07:01,HLA-DRB1*08:02,17,20,0.294957567949907,0.841469517943863,0,1.28770005890666,0.281236102947952
226,HLA-DRB1*07:01,HLA-DRB1*08:03,17,21,0.294957567949907,2.16291407366611,0,1.11344866507693,0.28900796387813
227,HLA-DRB1*07:01,HLA-DRB1*08:04,17,22,0.294957567949907,1.24262217501292,0,1.19498580301508,0.28485492995593
228,HLA-DRB1*07:01,HLA-DRB1*09:01,17,25,0.294957567949907,0.317318451798178,0,1.93110864268776,0.295198623191273
229,HLA-DRB1*07:01,HLA-DRB1*10:01,17,26,0.294957567949907,0.130720772143898,0,3.28098905078974,0.297185336394727
230,HLA-DRB1*07:01,HLA-DRB1*11:01,17,27,0.294957567949907,0.844067642595123,0,1.27991502779183,0.279759341579947
231,HLA-DRB1*07:01,HLA-DRB1*11:02,17,28,0.294957567949907,0.469310190819081,0,1.50695369967676,0.272944217919988
232,HLA-DRB1*07:01,HLA-DRB1*11:03,17,29,0.294957567949907,1.01137287363121,0,1.24883035850171,0.285181431757976
233,HLA-DRB1*07:01,HLA-DRB1*11:04,17,30,0.294957567949907,1.49811025405856,0,1.16639388881367,0.287443067563616
234,HLA-DRB1*07:01,HLA-DRB1*12:01,17,31,0.294957567949907,2.06737518527669,0,1.12419567527519,0.290188155249753
235,HLA-DRB1*07:01,HLA-DRB1*12:02,17,32,0.294957567949907,4.04946820922533,0,1.05464757429035,0.289956276276145
236,HLA-DRB1*07:01,HLA-DRB1*13:01,17,33,0.294957567949907,0.469310190819081,0,1.50695369967676,0.272944217919988
237,HLA-DRB1*07:01,HLA-DRB1*13:02,17,34,0.294957567949907,0.45695293712206,0,1.63138344631742,0.292429320793444
238,HLA-DRB1*07:01,HLA-DRB1*13:03,17,35,0.294957567949907,1.58331726092463,0,1.1588706256361,0.288139837107493
239,HLA-DRB1*07:01,HLA-DRB1*13:04,17,36,0.294957567949907,0.756881724156382,0,1.33709069067672,0.283791273852408
240,HLA-DRB1*07:01,HLA-DRB1*13:35,17,41,0.294957567949907,0.469310190819081,0,1.50695369967676,0.272944217919988
241,HLA-DRB1*07:01,HLA-DRB1*14:01,17,42,0.294957567949907,0.766688065667836,0,1.353995488678,0.288413700066458
242,HLA-DRB1*07:01,HLA-DRB1*14:04,17,45,0.294957567949907,0.904145181782799,0,1.30641078866238,0.290550130816714
243,HLA-DRB1*07:01,HLA-DRB1*15:01,17,50,0.294957567949907,0.603757342364512,0,1.41951102259226,0.281279959696786
244,HLA-DRB1*07:01,HLA-DRB1*15:02,17,51,0.294957567949907,0.93448616956926,0,1.2988666913579,0.29119796958575
245,HLA-DRB1*07:01,HLA-DRB1*15:03,17,52,0.294957567949907,1.60822189287739,0,1.15567601798679,0.288046015822691
246,HLA-DRB1*07:01,HLA-DRB1*16:01,17,53,0.294957567949907,1.08339722983778,0,1.23984193987201,0.287443548254445
247,HLA-DRB1*07:01,HLA-DRB1*16:02,17,54,0.294957567949907,0.452688270619241,0,1.64490388659949,0.293767259572124
248,HLA-DRB1*07:11,HLA-DRB1*13:01,18,33,0.253807272017618,0.469310190819081,0,1.69002539098242,0.278386663479176
249,HLA-DRB1*08:01,HLA-DRB1*08:01,19,19,1.06545198540982,1.06545198540982,1,0.48894131288725,0.260471746282302
250,HLA-DRB1*08:01,HLA-DRB1*08:02,19,20,1.06545198540982,0.841469517943863,0,0.544903468815587,0.256188144303301
251,HLA-DRB1*08:01,HLA-DRB1*09:01,19,25,1.06545198540982,0.317318451798178,0,1.18831205259669,0.290542470949596
252,HLA-DRB1*08:01,HLA-DRB1*10:01,19,26,1.06545198540982,0.130720772143898,0,2.53819246069867,0.295535141921198
253,HLA-DRB1*08:01,HLA-DRB1*11:01,19,27,1.06545198540982,0.844067642595123,0,0.537118437700758,0.252963038213394
254,HLA-DRB1*08:01,HLA-DRB1*11:04,19,30,1.06545198540982,1.49811025405856,0,0.423597298722595,0.263746664301064
255,HLA-DRB1*08:01,HLA-DRB1*12:01,19,31,1.06545198540982,2.06737518527669,0,0.381399085184122,0.268161479120564
256,HLA-DRB1*08:01,HLA-DRB1*13:01,19,33,1.06545198540982,0.469310190819081,0,0.764157109585691,0.24896336097382
257,HLA-DRB1*08:01,HLA-DRB1*13:02,19,34,1.06545198540982,0.45695293712206,0,0.888586856226348,0.28416792862808
258,HLA-DRB1*08:01,HLA-DRB1*13:03,19,35,1.06545198540982,1.58331726092463,0,0.416074035545032,0.264989288555685
259,HLA-DRB1*08:01,HLA-DRB1*14:06,19,47,1.06545198540982,0.71723155694949,0,0.617248502275433,0.264593433658833
260,HLA-DRB1*08:01,HLA-DRB1*15:01,19,50,1.06545198540982,0.603757342364512,0,0.676714432501187,0.260790005967533
261,HLA-DRB1*08:01,HLA-DRB1*15:02,19,51,1.06545198540982,0.93448616956926,0,0.556070101266832,0.276834198804794
262,HLA-DRB1*08:01,HLA-DRB1*16:01,19,53,1.06545198540982,1.08339722983778,0,0.497045349780938,0.267000255346946
263,HLA-DRB1*08:02,HLA-DRB1*08:02,20,20,0.841469517943863,0.841469517943863,1,0.600865624743925,0.252805053801154
264,HLA-DRB1*08:02,HLA-DRB1*09:01,20,25,0.841469517943863,0.317318451798178,0,1.24427420852503,0.28671197763998
265,HLA-DRB1*08:02,HLA-DRB1*11:01,20,27,0.841469517943863,0.844067642595123,0,0.593080593629095,0.249914251145702
266,HLA-DRB1*08:02,HLA-DRB1*11:02,20,28,0.841469517943863,0.469310190819081,0,0.820119265514028,0.247084599672723
267,HLA-DRB1*08:02,HLA-DRB1*11:04,20,30,0.841469517943863,1.49811025405856,0,0.479559454650933,0.258396582129154
268,HLA-DRB1*08:02,HLA-DRB1*12:01,20,31,0.841469517943863,2.06737518527669,0,0.437361241112459,0.261563683628995
269,HLA-DRB1*08:02,HLA-DRB1*13:01,20,33,0.841469517943863,0.469310190819081,0,0.820119265514028,0.247084599672723
270,HLA-DRB1*08:02,HLA-DRB1*13:02,20,34,0.841469517943863,0.45695293712206,0,0.944549012154686,0.279716665294501
271,HLA-DRB1*08:02,HLA-DRB1*14:01,20,42,0.841469517943863,0.766688065667836,0,0.667161054515269,0.267645024805159
272,HLA-DRB1*08:02,HLA-DRB1*15:01,20,50,0.841469517943863,0.603757342364512,0,0.732676588429524,0.257559221453633
273,HLA-DRB1*08:02,HLA-DRB1*15:02,20,51,0.841469517943863,0.93448616956926,0,0.612032257195169,0.270990117635436
274,HLA-DRB1*08:02,HLA-DRB1*16:02,20,54,0.841469517943863,0.452688270619241,0,0.958069452436762,0.281998886181453
275,HLA-DRB1*08:03,HLA-DRB1*08:03,21,21,2.16291407366611,2.16291407366611,1,0.252362837084469,0.272919566000153
276,HLA-DRB1*08:03,HLA-DRB1*09:01,21,25,2.16291407366611,0.317318451798178,0,1.0700228146953,0.296097835312686
277,HLA-DRB1*08:03,HLA-DRB1*12:02,21,32,2.16291407366611,4.04946820922533,0,0.193561746297885,0.272896910825386
278,HLA-DRB1*08:03,HLA-DRB1*13:02,21,34,2.16291407366611,0.45695293712206,0,0.770297618324959,0.290596278635745
279,HLA-DRB1*08:03,HLA-DRB1*13:12,21,38,2.16291407366611,1.38916612001142,0,0.319920043025139,0.270615169036074
280,HLA-DRB1*08:03,HLA-DRB1*14:01,21,42,2.16291407366611,0.766688065667836,0,0.492909660685543,0.279007999731885
281,HLA-DRB1*08:03,HLA-DRB1*14:03,21,44,2.16291407366611,1.49964300954185,0,0.293540214139242,0.259962292694247
282,HLA-DRB1*08:03,HLA-DRB1*14:05,21,46,2.16291407366611,1.1696151132684,0,0.356303893325553,0.270476067862488
283,HLA-DRB1*08:03,HLA-DRB1*15:01,21,50,2.16291407366611,0.603757342364512,0,0.558425194599797,0.263577972428149
284,HLA-DRB1*08:03,HLA-DRB1*16:02,21,54,2.16291407366611,0.452688270619241,0,0.783818058607033,0.293414826630561
285,HLA-DRB1*08:04,HLA-DRB1*08:04,22,22,1.24262217501292,1.24262217501292,1,0.415437112960777,0.258115684444205
286,HLA-DRB1*08:04,HLA-DRB1*09:01,22,25,1.24262217501292,0.317318451798178,0,1.15155995263346,0.291080364732877
287,HLA-DRB1*08:04,HLA-DRB1*10:01,22,26,1.24262217501292,0.130720772143898,0,2.50144036073544,0.295865860412615
288,HLA-DRB1*08:04,HLA-DRB1*11:01,22,27,1.24262217501292,0.844067642595123,0,0.500366337737522,0.251504951279239
289,HLA-DRB1*08:04,HLA-DRB1*11:02,22,28,1.24262217501292,0.469310190819081,0,0.727405009622456,0.247792849096322
290,HLA-DRB1*08:04,HLA-DRB1*11:03,22,29,1.24262217501292,1.01137287363121,0,0.469281668447404,0.261656201611913
291,HLA-DRB1*08:04,HLA-DRB1*13:01,22,33,1.24262217501292,0.469310190819081,0,0.727405009622456,0.247792849096322
292,HLA-DRB1*08:04,HLA-DRB1*13:02,22,34,1.24262217501292,0.45695293712206,0,0.851834756263112,0.284593886019941
293,HLA-DRB1*08:04,HLA-DRB1*13:03,22,35,1.24262217501292,1.58331726092463,0,0.379321935581795,0.26409011992151
294,HLA-DRB1*08:04,HLA-DRB1*14:01,22,42,1.24262217501292,0.766688065667836,0,0.574446798623696,0.272370845088357
295,HLA-DRB1*08:04,HLA-DRB1*15:01,22,50,1.24262217501292,0.603757342364512,0,0.639962332537951,0.260036890252878
296,HLA-DRB1*08:04,HLA-DRB1*15:03,22,52,1.24262217501292,1.60822189287739,0,0.376127327932483,0.263661364104749
297,HLA-DRB1*08:06,HLA-DRB1*11:02,23,28,1.75920678626479,0.469310190819081,0,0.67499140957361,0.250068607208213
298,HLA-DRB1*08:06,HLA-DRB1*12:01,23,31,1.75920678626479,2.06737518527669,0,0.29223338517204,0.277750595424591
299,HLA-DRB1*08:06,HLA-DRB1*15:03,23,52,1.75920678626479,1.60822189287739,0,0.323713727883637,0.271972862625921
300,HLA-DRB1*08:06,HLA-DRB1*16:02,23,54,1.75920678626479,0.452688270619241,0,0.812941596496343,0.292692073637536
301,HLA-DRB1*08:12,HLA-DRB1*12:01,24,31,2.90973739551988,2.06737518527669,0,0.230307830042387,0.278358401380838
302,HLA-DRB1*09:01,HLA-DRB1*09:01,25,25,0.317318451798178,0.317318451798178,1,1.88768279230614,0.299498290570323
303,HLA-DRB1*09:01,HLA-DRB1*10:01,25,26,0.317318451798178,0.130720772143898,0,3.23756320040812,0.299738237933462
304,HLA-DRB1*09:01,HLA-DRB1*11:01,25,27,0.317318451798178,0.844067642595123,0,1.2364891774102,0.285158470245057
305,HLA-DRB1*09:01,HLA-DRB1*11:04,25,30,0.317318451798178,1.49811025405856,0,1.12296803843204,0.294054141671201
306,HLA-DRB1*09:01,HLA-DRB1*12:01,25,31,0.317318451798178,2.06737518527669,0,1.08076982489357,0.297313920402325
307,HLA-DRB1*09:01,HLA-DRB1*12:02,25,32,0.317318451798178,4.04946820922533,0,1.01122172390872,0.297562183184829
308,HLA-DRB1*09:01,HLA-DRB1*13:01,25,33,0.317318451798178,0.469310190819081,0,1.46352784929513,0.277068112818688
309,HLA-DRB1*09:01,HLA-DRB1*13:02,25,34,0.317318451798178,0.45695293712206,0,1.58795759593579,0.297380501492778
310,HLA-DRB1*09:01,HLA-DRB1*13:03,25,35,0.317318451798178,1.58331726092463,0,1.11544477525448,0.294857691677109
311,HLA-DRB1*09:01,HLA-DRB1*13:12,25,38,0.317318451798178,1.38916612001142,0,1.13758002063597,0.293852303360337
312,HLA-DRB1*09:01,HLA-DRB1*14:01,25,42,0.317318451798178,0.766688065667836,0,1.31056963829638,0.294131974866114
313,HLA-DRB1*09:01,HLA-DRB1*14:04,25,45,0.317318451798178,0.904145181782799,0,1.26298493828076,0.296654628715301
314,HLA-DRB1*09:01,HLA-DRB1*14:05,25,46,0.317318451798178,1.1696151132684,0,1.17396387093639,0.29302283419321
315,HLA-DRB1*09:01,HLA-DRB1*15:01,25,50,0.317318451798178,0.603757342364512,0,1.37608517221063,0.286225088273597
316,HLA-DRB1*09:01,HLA-DRB1*15:02,25,51,0.317318451798178,0.93448616956926,0,1.25544084097628,0.297391058721064
317,HLA-DRB1*09:01,HLA-DRB1*15:03,25,52,0.317318451798178,1.60822189287739,0,1.11225016760516,0.294775343353122
318,HLA-DRB1*09:01,HLA-DRB1*16:02,25,54,0.317318451798178,0.452688270619241,0,1.60147803621787,0.29875902857153
319,HLA-DRB1*10:01,HLA-DRB1*11:01,26,27,0.130720772143898,0.844067642595123,0,2.58636958551218,0.292753490524478
320,HLA-DRB1*10:01,HLA-DRB1*11:02,26,28,0.130720772143898,0.469310190819081,0,2.81340825739711,0.287649541105619
321,HLA-DRB1*10:01,HLA-DRB1*11:03,26,29,0.130720772143898,1.01137287363121,0,2.55528491622207,0.295796834238773
322,HLA-DRB1*10:01,HLA-DRB1*12:01,26,31,0.130720772143898,2.06737518527669,0,2.43065023299554,0.298840686281541
323,HLA-DRB1*10:01,HLA-DRB1*12:02,26,32,0.130720772143898,4.04946820922533,0,2.3611021320107,0.298993299316241
324,HLA-DRB1*10:01,HLA-DRB1*13:01,26,33,0.130720772143898,0.469310190819081,0,2.81340825739711,0.287649541105619
325,HLA-DRB1*10:01,HLA-DRB1*13:02,26,34,0.130720772143898,0.45695293712206,0,2.93783800403777,0.298612277669255
326,HLA-DRB1*10:01,HLA-DRB1*13:03,26,35,0.130720772143898,1.58331726092463,0,2.46532518335646,0.297691413769148
327,HLA-DRB1*10:01,HLA-DRB1*13:12,26,38,0.130720772143898,1.38916612001142,0,2.48746042873796,0.297196505367926
328,HLA-DRB1*10:01,HLA-DRB1*14:01,26,42,0.130720772143898,0.766688065667836,0,2.66045004639836,0.297117391911949
329,HLA-DRB1*10:01,HLA-DRB1*14:05,26,46,0.130720772143898,1.1696151132684,0,2.52384427903836,0.296752634651295
330,HLA-DRB1*10:01,HLA-DRB1*15:01,26,50,0.130720772143898,0.603757342364512,0,2.72596558031261,0.292919671327251
331,HLA-DRB1*10:01,HLA-DRB1*15:03,26,52,0.130720772143898,1.60822189287739,0,2.46213057570714,0.297657200454138
332,HLA-DRB1*11:01,HLA-DRB1*11:01,27,27,0.844067642595123,0.844067642595123,1,0.585295562514267,0.247014522836402
333,HLA-DRB1*11:01,HLA-DRB1*11:02,27,28,0.844067642595123,0.469310190819081,0,0.8123342343992,0.245009153968884
334,HLA-DRB1*11:01,HLA-DRB1*11:03,27,29,0.844067642595123,1.01137287363121,0,0.554210893224149,0.254986140174766
335,HLA-DRB1*11:01,HLA-DRB1*12:01,27,31,0.844067642595123,2.06737518527669,0,0.42957620999763,0.25747111086345
336,HLA-DRB1*11:01,HLA-DRB1*12:02,27,32,0.844067642595123,4.04946820922533,0,0.360028109012784,0.251471562734729
337,HLA-DRB1*11:01,HLA-DRB1*13:02,27,34,0.844067642595123,0.45695293712206,0,0.936763981039857,0.277712061480724
338,HLA-DRB1*11:01,HLA-DRB1*13:03,27,35,0.844067642595123,1.58331726092463,0,0.46425116035854,0.255599234905578
339,HLA-DRB1*11:01,HLA-DRB1*13:04,27,36,0.844067642595123,0.756881724156382,0,0.642471225399157,0.256378354317019
340,HLA-DRB1*11:01,HLA-DRB1*13:05,27,37,0.844067642595123,0.844067642595123,1,0.585295562514267,0.247014522836402
341,HLA-DRB1*11:01,HLA-DRB1*14:01,27,42,0.844067642595123,0.766688065667836,0,0.659376023400442,0.26491065524796
342,HLA-DRB1*11:01,HLA-DRB1*14:03,27,44,0.844067642595123,1.49964300954185,0,0.460006576854141,0.248442097047761
343,HLA-DRB1*11:01,HLA-DRB1*14:06,27,47,0.844067642595123,0.71723155694949,0,0.665425627088942,0.258018013285108
344,HLA-DRB1*11:01,HLA-DRB1*15:01,27,50,0.844067642595123,0.603757342364512,0,0.724891557314695,0.255150634037224
345,HLA-DRB1*11:01,HLA-DRB1*15:02,27,51,0.844067642595123,0.93448616956926,0,0.604247226080342,0.267977163359258
346,HLA-DRB1*11:01,HLA-DRB1*15:03,27,52,0.844067642595123,1.60822189287739,0,0.461056552709228,0.255214694204795
347,HLA-DRB1*11:01,HLA-DRB1*16:02,27,54,0.844067642595123,0.452688270619241,0,0.950284421321932,0.280008919868646
348,HLA-DRB1*11:02,HLA-DRB1*11:02,28,28,0.469310190819081,0.469310190819081,1,1.03937290628413,0.243894148490195
349,HLA-DRB1*11:02,HLA-DRB1*11:03,28,29,0.469310190819081,1.01137287363121,0,0.781249565109084,0.250437272568761
350,HLA-DRB1*11:02,HLA-DRB1*12:01,28,31,0.469310190819081,2.06737518527669,0,0.656614881882563,0.251144343070491
351,HLA-DRB1*11:02,HLA-DRB1*13:01,28,33,0.469310190819081,0.469310190819081,1,1.03937290628413,0.243894148490195
352,HLA-DRB1*11:02,HLA-DRB1*13:02,28,34,0.469310190819081,0.45695293712206,0,1.16380265292479,0.269448905909352
353,HLA-DRB1*11:02,HLA-DRB1*14:01,28,42,0.469310190819081,0.766688065667836,0,0.886414695285375,0.25804638360622
354,HLA-DRB1*11:02,HLA-DRB1*15:01,28,50,0.469310190819081,0.603757342364512,0,0.95193022919963,0.251362492072751
355,HLA-DRB1*11:02,HLA-DRB1*15:03,28,52,0.469310190819081,1.60822189287739,0,0.688095224594161,0.24998086076443
356,HLA-DRB1*11:03,HLA-DRB1*12:01,29,31,1.01137287363121,2.06737518527669,0,0.398491540707513,0.270629762053076
357,HLA-DRB1*11:03,HLA-DRB1*13:02,29,34,1.01137287363121,0.45695293712206,0,0.90567931174974,0.285059020532997
358,HLA-DRB1*11:03,HLA-DRB1*15:01,29,50,1.01137287363121,0.603757342364512,0,0.693806888024579,0.262303926378557
359,HLA-DRB1*11:04,HLA-DRB1*12:01,30,31,1.49811025405856,2.06737518527669,0,0.316055071019468,0.274540974807192
360,HLA-DRB1*11:04,HLA-DRB1*13:01,30,33,1.49811025405856,0.469310190819081,0,0.698813095421037,0.249728216831394
361,HLA-DRB1*11:04,HLA-DRB1*13:02,30,34,1.49811025405856,0.45695293712206,0,0.823242842061696,0.288258693513622
362,HLA-DRB1*11:04,HLA-DRB1*13:03,30,35,1.49811025405856,1.58331726092463,0,0.350730021380377,0.269980693450342
363,HLA-DRB1*11:04,HLA-DRB1*13:21,30,39,1.49811025405856,1.19099176525983,0,0.399504826762736,0.265074094955769
364,HLA-DRB1*11:04,HLA-DRB1*14:01,30,42,1.49811025405856,0.766688065667836,0,0.545854884422278,0.276828083661241
365,HLA-DRB1*11:04,HLA-DRB1*15:01,30,50,1.49811025405856,0.603757342364512,0,0.611370418336532,0.263090561724938
366,HLA-DRB1*11:04,HLA-DRB1*15:03,30,52,1.49811025405856,1.60822189287739,0,0.347535413731065,0.269550983662982
367,HLA-DRB1*12:01,HLA-DRB1*12:01,31,31,2.06737518527669,2.06737518527669,1,0.273856857480994,0.283082435737032
368,HLA-DRB1*12:01,HLA-DRB1*12:02,31,32,2.06737518527669,4.04946820922533,0,0.204308756496148,0.279625588936583
369,HLA-DRB1*12:01,HLA-DRB1*13:03,31,35,2.06737518527669,1.58331726092463,0,0.308531807841904,0.276638067562666
370,HLA-DRB1*12:01,HLA-DRB1*13:12,31,38,2.06737518527669,1.38916612001142,0,0.330667053223403,0.274740482183839
371,HLA-DRB1*12:01,HLA-DRB1*14:04,31,45,2.06737518527669,0.904145181782799,0,0.456071970868185,0.286887841159339
372,HLA-DRB1*12:01,HLA-DRB1*14:05,31,46,2.06737518527669,1.1696151132684,0,0.367050903523816,0.274187195983116
373,HLA-DRB1*12:01,HLA-DRB1*15:01,31,50,2.06737518527669,0.603757342364512,0,0.569172204798061,0.265968357844121
374,HLA-DRB1*12:01,HLA-DRB1*15:02,31,51,2.06737518527669,0.93448616956926,0,0.448527873563705,0.288662909522621
375,HLA-DRB1*12:01,HLA-DRB1*15:03,31,52,2.06737518527669,1.60822189287739,0,0.305337200192592,0.276195812883261
376,HLA-DRB1*12:01,HLA-DRB1*16:01,31,53,2.06737518527669,1.08339722983778,0,0.389503122077811,0.276885956076286
377,HLA-DRB1*12:01,HLA-DRB1*16:02,31,54,2.06737518527669,0.452688270619241,0,0.794565068805297,0.295077797253743
378,HLA-DRB1*12:02,HLA-DRB1*12:02,32,32,4.04946820922533,4.04946820922533,1,0.134760655511302,0.272854495173692
379,HLA-DRB1*12:02,HLA-DRB1*14:02,32,43,4.04946820922533,1.00913622102042,0,0.343270207923263,0.277302114700982
380,HLA-DRB1*12:02,HLA-DRB1*14:05,32,46,4.04946820922533,1.1696151132684,0,0.29750280253897,0.269983856180965
381,HLA-DRB1*12:02,HLA-DRB1*15:01,32,50,4.04946820922533,0.603757342364512,0,0.499624103813213,0.262512324259297
382,HLA-DRB1*12:02,HLA-DRB1*16:02,32,54,4.04946820922533,0.452688270619241,0,0.725016967820451,0.295205755700053
383,HLA-DRB1*13:01,HLA-DRB1*13:01,33,33,0.469310190819081,0.469310190819081,1,1.03937290628413,0.243894148490195
384,HLA-DRB1*13:01,HLA-DRB1*13:02,33,34,0.469310190819081,0.45695293712206,0,1.16380265292479,0.269448905909352
385,HLA-DRB1*13:01,HLA-DRB1*13:03,33,35,0.469310190819081,1.58331726092463,0,0.691289832243474,0.250252236508537
386,HLA-DRB1*13:01,HLA-DRB1*14:01,33,42,0.469310190819081,0.766688065667836,0,0.886414695285375,0.25804638360622
387,HLA-DRB1*13:01,HLA-DRB1*14:04,33,45,0.469310190819081,0.904145181782799,0,0.838829995269754,0.259153785056572
388,HLA-DRB1*13:01,HLA-DRB1*15:01,33,50,0.469310190819081,0.603757342364512,0,0.95193022919963,0.251362492072751
389,HLA-DRB1*13:01,HLA-DRB1*15:02,33,51,0.469310190819081,0.93448616956926,0,0.831285897965276,0.259704314112052
390,HLA-DRB1*13:01,HLA-DRB1*15:03,33,52,0.469310190819081,1.60822189287739,0,0.688095224594161,0.24998086076443
391,HLA-DRB1*13:01,HLA-DRB1*16:01,33,53,0.469310190819081,1.08339722983778,0,0.77226114647938,0.252884529932943
392,HLA-DRB1*13:01,HLA-DRB1*16:02,33,54,0.469310190819081,0.452688270619241,0,1.17732309320686,0.27128432028518
393,HLA-DRB1*13:02,HLA-DRB1*13:02,34,34,0.45695293712206,0.45695293712206,1,1.28823239956545,0.294330789338616
394,HLA-DRB1*13:02,HLA-DRB1*13:03,34,35,0.45695293712206,1.58331726092463,0,0.815719578884132,0.289262822767079
395,HLA-DRB1*13:02,HLA-DRB1*14:03,34,44,0.45695293712206,1.49964300954185,0,0.811474995379733,0.284206072590543
396,HLA-DRB1*13:02,HLA-DRB1*15:01,34,50,0.45695293712206,0.603757342364512,0,1.07635997584029,0.279959146637226
397,HLA-DRB1*13:02,HLA-DRB1*15:02,34,51,0.45695293712206,0.93448616956926,0,0.955715644605933,0.293297824365689
398,HLA-DRB1*13:02,HLA-DRB1*15:03,34,52,0.45695293712206,1.60822189287739,0,0.812524971234819,0.289132783188254
399,HLA-DRB1*13:02,HLA-DRB1*16:01,34,53,0.45695293712206,1.08339722983778,0,0.896690893120037,0.288192379611526
400,HLA-DRB1*13:02,HLA-DRB1*16:02,34,54,0.45695293712206,0.452688270619241,0,1.30175283984752,0.296025499538288
401,HLA-DRB1*13:03,HLA-DRB1*13:27,35,40,1.58331726092463,0.250485103378199,0,1.18446265745007,0.256164352830916
402,HLA-DRB1*13:03,HLA-DRB1*15:01,35,50,1.58331726092463,0.603757342364512,0,0.60384715515897,0.263933063533677
403,HLA-DRB1*13:03,HLA-DRB1*15:03,35,52,1.58331726092463,1.60822189287739,0,0.340012150553502,0.271274003405253
404,HLA-DRB1*13:03,HLA-DRB1*16:01,35,53,1.58331726092463,1.08339722983778,0,0.424178072438721,0.272852137615338
405,HLA-DRB1*13:05,HLA-DRB1*14:01,37,42,0.844067642595123,0.766688065667836,0,0.659376023400442,0.26491065524796
406,HLA-DRB1*13:12,HLA-DRB1*14:01,38,42,1.38916612001142,0.766688065667836,0,0.560466866626213,0.276887561051873
407,HLA-DRB1*13:12,HLA-DRB1*14:05,38,46,1.38916612001142,1.1696151132684,0,0.423861099266224,0.269145769328195
408,HLA-DRB1*14:01,HLA-DRB1*14:01,42,42,0.766688065667836,0.766688065667836,1,0.733456484286616,0.281166166594619
409,HLA-DRB1*14:01,HLA-DRB1*14:03,42,44,0.766688065667836,1.49964300954185,0,0.534087037740316,0.270953817699864
410,HLA-DRB1*14:01,HLA-DRB1*14:04,42,45,0.766688065667836,0.904145181782799,0,0.685871784270996,0.284555316212047
411,HLA-DRB1*14:01,HLA-DRB1*14:44,42,49,0.766688065667836,1.72928354343966,0,0.530219478487266,0.28164428863584
412,HLA-DRB1*14:01,HLA-DRB1*15:01,42,50,0.766688065667836,0.603757342364512,0,0.798972018200871,0.269867731212958
413,HLA-DRB1*14:01,HLA-DRB1*15:02,42,51,0.766688065667836,0.93448616956926,0,0.678327686966517,0.285681638773248
414,HLA-DRB1*14:02,HLA-DRB1*15:01,43,50,1.00913622102042,0.603757342364512,0,0.708133656225174,0.267498744009927
415,HLA-DRB1*14:03,HLA-DRB1*15:01,44,50,1.49964300954185,0.603757342364512,0,0.599602571654571,0.258102289707902
416,HLA-DRB1*14:05,HLA-DRB1*15:01,46,50,1.1696151132684,0.603757342364512,0,0.662366250840881,0.263756781132383
417,HLA-DRB1*14:06,HLA-DRB1*15:01,47,50,0.71723155694949,0.603757342364512,0,0.805021621889371,0.263894410642512
418,HLA-DRB1*14:06,HLA-DRB1*16:02,47,54,0.71723155694949,0.452688270619241,0,1.03041448589661,0.28596605587788
419,HLA-DRB1*14:07,HLA-DRB1*16:02,48,54,1.2329465960497,0.452688270619241,0,0.892992600598245,0.295684025533691
420,HLA-DRB1*15:01,HLA-DRB1*15:01,50,50,0.603757342364512,0.603757342364512,1,0.864487552115125,0.260970353486115
421,HLA-DRB1*15:01,HLA-DRB1*15:02,50,51,0.603757342364512,0.93448616956926,0,0.743843220880771,0.272829684544026
422,HLA-DRB1*15:01,HLA-DRB1*16:02,50,54,0.603757342364512,0.452688270619241,0,1.08988041612236,0.281963811144313
423,HLA-DRB1*15:02,HLA-DRB1*15:02,51,51,0.93448616956926,0.93448616956926,1,0.623198889646415,0.291185371632747
424,HLA-DRB1*15:03,HLA-DRB1*15:03,52,52,1.60822189287739,1.60822189287739,1,0.336817542904189,0.270838673201844
425,HLA-DRB1*15:03,HLA-DRB1*16:01,52,53,1.60822189287739,1.08339722983778,0,0.420983464789408,0.272511681649177
426,HLA-DRB1*16:02,HLA-DRB1*16:02,54,54,0.452688270619241,0.452688270619241,1,1.3152732801296,0.297704393286782
